lang,id,url,modified,http,title_tag,title_len,title_emoji,title_pipe,desc_len,desc_emoji,canonical_ok,hreflang_n,h1_n,h1,h1_title_case,h2_n,h2_conclusion,h2_numbered,words,toc_n,toc_in_body,dashes,emoji_body,ampersand_brand,banned_hits,year_in_slug,dup_slug_suffix,years_mentioned,internal_links,self_links,external_links,ext_missing_nofollow,ext_missing_blank,forbidden_domains,imgs,img_no_alt,img_not_webp,blockquotes,tables,lists,cites_numbered,schema_types,has_article_schema,article_author_type,article_dates,faq_schema_n,visible_author,visible_reviewer,visible_date
en,27054,https://delaguialuzon.com/en/blog/fallas-valencia/,2026-09-30,200,Fallas in Valencia: What Newcomers Need to Know,47,False,False,143,False,True,0,1,Fallas and Valencian festivals: what newcomers should know,False,14,False,False,2330,2,0,0,0,1,,False,False,"2016,2026",3,0,1,0,0,,0,0,0,4,2,1,0,LegalService|WebSite|ImageObject|WebPage|BreadcrumbList|BlogPosting|Service|FAQPage|LegalService,True,Organization,False,10,False,False,False
en,27454,https://delaguialuzon.com/en/blog/spain-autonomous-communities/,2026-09-18,200,Spain's Autonomous Communities: what expats need to know,56,False,False,163,False,True,0,1,Spain’s autonomous communities: what expats need to know,False,15,False,False,2208,2,0,0,0,1,,False,False,"2010,2024,2026",4,0,1,0,0,,0,0,0,4,4,3,0,LegalService|WebSite|ImageObject|WebPage|BreadcrumbList|BlogPosting|Service|FAQPage|LegalService,True,Organization,False,10,False,False,False
en,27449,https://delaguialuzon.com/en/blog/uk-isas-spanish-tax-residency/,2026-09-30,200,UK ISAs and Spanish Tax Residency: 2026 Tax Treatment,53,False,False,130,False,True,0,1,UK ISAs and Spanish tax residency: 2026 tax treatment,False,14,False,False,2461,2,0,0,0,1,,False,False,"2022,2026",4,0,1,0,0,,0,0,0,3,2,1,0,LegalService|WebSite|ImageObject|WebPage|BreadcrumbList|BlogPosting|Service|FAQPage|LegalService,True,Organization,False,10,False,False,False
en,27446,https://delaguialuzon.com/en/blog/squatters-spain/,2026-09-11,200,"Squatters in Spain 2026: rights, eviction and prevention",56,False,False,144,False,True,0,1,"Squatters in Spain 2026: rights, eviction and prevention",False,13,False,False,2091,2,0,0,0,1,\bstraightforward\b,False,False,"2018,2023,2024,2026",4,0,1,0,0,,0,0,0,3,2,1,0,LegalService|WebSite|ImageObject|WebPage|BreadcrumbList|BlogPosting|Service|FAQPage|LegalService,True,Organization,False,10,False,False,False
en,27048,https://delaguialuzon.com/en/blog/cultural-experiences-valencia/,2026-09-12,200,Top 10 Cultural Experiences in Valencia: Expat Guide,52,False,False,143,False,True,0,1,Top 10 cultural experiences to try in Valencia: a newcomer’s guide,False,8,False,False,2142,2,0,0,0,1,\bdiscover\b; \bgenuinely\b,False,False,"2016,2025,2026",4,0,1,0,0,,0,0,0,3,2,1,0,LegalService|WebSite|ImageObject|WebPage|BreadcrumbList|BlogPosting|Service|FAQPage|LegalService,True,Organization,False,10,False,False,False
en,27345,https://delaguialuzon.com/en/blog/hiring-employees-spain/,2026-09-18,200,"Hiring Employees in Spain: 2026 Contracts, Payroll and Costs",60,False,False,147,False,True,0,1,"Hiring employees in Spain: 2026 contracts, payroll and costs",False,14,False,False,1891,2,0,0,0,1,\bgenuinely\b,False,False,"2012,2015,2019,2021,2022,2023,2024,2025,2026",7,0,1,0,0,,0,0,0,2,1,1,0,LegalService|WebSite|ImageObject|WebPage|BreadcrumbList|BlogPosting|Service|FAQPage|LegalService,True,Organization,False,10,False,False,False
en,27337,https://delaguialuzon.com/en/blog/moving-to-spain-with-children/,2026-09-12,200,Moving to Spain with children: 2026 Family Relocation Guide,59,False,False,135,False,True,0,1,Moving to Spain with children: 2026 family relocation guide,False,12,False,False,1895,2,0,0,0,1,,False,False,"2013,2020,2021,2024,2026",10,0,1,0,0,,0,0,0,2,1,1,0,LegalService|WebSite|ImageObject|WebPage|BreadcrumbList|BlogPosting|Service|FAQPage|LegalService,True,Organization,False,10,False,False,False
en,27046,https://delaguialuzon.com/en/blog/arraigo-spain/,2026-09-09,200,"Arraigo Spain 2026: Social, Labour, Family, Training routes",59,False,False,143,False,True,0,1,"Arraigo in Spain 2026: social, labour, family and training routes explained",False,16,False,False,2063,2,0,0,0,1,,False,False,"2024,2025,2026",7,0,1,0,0,,0,0,0,3,1,3,0,LegalService|WebSite|ImageObject|WebPage|BreadcrumbList|BlogPosting|Service|FAQPage|LegalService,True,Organization,False,10,False,False,False
en,27049,https://delaguialuzon.com/en/blog/best-day-trips-from-valencia/,2026-09-07,200,Best day trips from Valencia: 10 places within 2 hours,54,False,False,156,False,True,0,1,Best day trips from Valencia: 10 places to visit within two hours,False,18,False,True,1858,2,0,0,0,1,\bdiscover\b,False,False,2026,5,0,1,0,0,,0,0,0,2,1,2,0,LegalService|WebSite|ImageObject|WebPage|BreadcrumbList|BlogPosting|Service|FAQPage|LegalService,True,Organization,False,10,False,False,False
en,27053,https://delaguialuzon.com/en/blog/cita-previa-spain/,2026-09-12,200,Cita Previa in Spain: Appointment Guide for Foreigners,54,False,False,135,False,True,0,1,Cita previa in Spain: how to navigate the appointment system for foreigners,False,18,False,False,1670,2,0,0,0,1,\bstraightforward\b,False,False,"2025,2026",6,0,1,0,0,,0,0,0,2,1,3,0,LegalService|WebSite|ImageObject|WebPage|BreadcrumbList|BlogPosting|Service|FAQPage|LegalService,True,Organization,False,10,False,False,False
en,27047,https://delaguialuzon.com/en/blog/bringing-elderly-parents-spain/,2026-08-14,200,Bringing elderly parents to Spain 2026: reunification guide,59,False,False,152,False,True,0,1,Bringing elderly parents to Spain: family reunification for ascendants explained,False,17,False,False,1850,2,0,0,0,1,,False,False,"2024,2025,2026",7,0,1,0,0,,0,0,0,3,1,4,0,LegalService|WebSite|ImageObject|WebPage|BreadcrumbList|BlogPosting|Service|FAQPage|LegalService,True,Organization,False,10,False,False,False
en,27052,https://delaguialuzon.com/en/blog/selling-property-spain-non-resident/,2026-08-14,200,Selling property in Spain as a non-resident: retention & CGT,60,False,False,135,False,True,0,1,"Selling property in Spain as a non-resident: 3% retention, capital gains and Plusvalía explained",False,16,False,False,1765,2,0,0,0,1,,False,False,"2021,2025,2026",5,0,1,0,0,,0,0,0,2,1,3,0,LegalService|WebSite|ImageObject|WebPage|BreadcrumbList|BlogPosting|Service|FAQPage|LegalService,True,Organization,False,10,False,False,False
en,27050,https://delaguialuzon.com/en/blog/best-neighbourhoods-valencia-city/,2026-08-14,200,Best neighbourhoods in Valencia city: expat guide 2026,54,False,False,141,False,True,0,1,"Best neighbourhoods in Valencia city: Ruzafa, El Carmen, Cabanyal and more",False,18,False,True,1712,2,0,0,0,1,,False,False,"2022,2023,2025,2026",6,0,1,0,0,,0,0,0,2,1,3,0,LegalService|WebSite|ImageObject|WebPage|BreadcrumbList|BlogPosting|Service|FAQPage|LegalService,True,Organization,False,10,False,False,False
en,26854,https://delaguialuzon.com/en/blog/s1-form-spain/,2026-08-13,200,S1 form Spain: UK pensioner healthcare guide 2026,49,False,False,152,False,True,0,1,S1 form Spain: healthcare for UK state pensioners,False,12,False,False,1803,2,0,0,0,1,,False,False,2026,8,0,1,0,0,,0,0,0,3,1,3,0,LegalService|WebSite|ImageObject|WebPage|BreadcrumbList|BlogPosting|Service|FAQPage|LegalService,True,,True,10,False,False,False
en,26847,https://delaguialuzon.com/en/blog/spain-student-visa/,2026-08-13,200,Spain student visa: requirements and work rules 2026,52,False,False,125,False,True,0,1,"Spain student visa: requirements, work rules and next steps",False,14,False,False,2526,2,0,0,0,1,,False,False,"2022,2023,2024,2025,2026",9,0,1,0,0,,0,0,0,3,1,3,0,LegalService|WebSite|ImageObject|WebPage|BreadcrumbList|BlogPosting|Service|FAQPage|LegalService,True,,True,10,False,False,False
en,26851,https://delaguialuzon.com/en/blog/social-security-number-spain/,2026-07-12,200,Social Security Number in Spain: How to Get Your NUSS,53,False,False,143,False,True,0,1,Social Security number Spain: How to get your NUSS in 2026,False,12,False,False,1766,2,0,0,0,1,,False,False,"2025,2026",7,0,1,0,0,,0,0,0,3,1,3,0,LegalService|WebSite|ImageObject|WebPage|BreadcrumbList|BlogPosting|Service|FAQPage|LegalService,True,,True,10,False,False,False
en,26849,https://delaguialuzon.com/en/blog/criminal-record-certificate-spain/,2026-07-12,200,Criminal Record Certificate Spain: Visa Document Guide,54,False,False,142,False,True,0,1,Criminal record certificate Spain: Visa and residency guide,False,13,False,False,1880,2,0,0,0,1,,False,False,"2024,2025,2026",8,0,1,0,0,,0,0,0,3,1,3,0,LegalService|WebSite|ImageObject|WebPage|BreadcrumbList|BlogPosting|Service|FAQPage|LegalService,True,,True,10,False,False,False
en,26848,https://delaguialuzon.com/en/blog/community-of-owners-spain/,2026-07-12,200,Community of Owners in Spain: Guide for Foreign Buyers,54,False,False,145,False,True,0,1,Community of owners in Spain: What foreign buyers must know,False,13,False,False,2249,2,0,0,0,1,\bdiscover\b,False,False,"2024,2025,2026",10,0,1,0,0,,2,0,0,3,1,2,0,LegalService|WebSite|ImageObject|WebPage|BreadcrumbList|BlogPosting|Service|FAQPage|LegalService,True,,True,10,False,False,False
en,26850,https://delaguialuzon.com/en/blog/ccse-exam-spanish-nationality/,2026-07-12,200,CCSE Exam: Spanish Nationality Test and DELE A2 Guide,53,False,False,134,False,True,0,1,CCSE exam Spain: Nationality tests and DELE A2 explained,False,13,False,False,1802,2,0,0,0,1,,False,False,"2015,2026",6,0,2,0,0,,2,0,0,3,1,3,0,LegalService|WebSite|ImageObject|WebPage|BreadcrumbList|BlogPosting|Service|FAQPage|LegalService,True,,True,10,False,False,False
en,26856,https://delaguialuzon.com/en/blog/convenio-especial-spain/,2026-07-12,200,Convenio Especial Spain: Public Healthcare Buy-In Guide,55,False,False,147,False,True,0,1,Convenio especial in Spain: The public healthcare buy-in,False,12,False,False,1604,2,0,0,0,1,,False,False,"2013,2026",7,0,1,0,0,,1,0,0,3,1,3,0,LegalService|WebSite|ImageObject|WebPage|BreadcrumbList|BlogPosting|Service|FAQPage|LegalService,True,,True,10,False,False,False
en,26852,https://delaguialuzon.com/en/blog/digital-certificate-spain/,2026-07-12,200,Digital Certificate Spain: FNMT and Cl@ve For Expats,52,False,False,143,False,True,0,1,Digital certificate Spain: FNMT and Cl@ve guide for expats,False,13,False,False,1725,2,0,0,0,1,,False,False,2026,6,0,1,0,0,,1,0,0,2,1,3,0,LegalService|WebSite|ImageObject|WebPage|BreadcrumbList|BlogPosting|Service|FAQPage|LegalService,True,,True,10,False,False,False
en,26587,https://delaguialuzon.com/en/blog/moving-to-spain-after-2-july/,2026-09-09,200,Moving to Spain After 2 July: Your Tax Residency Guide,54,False,False,157,False,True,0,1,Moving to Spain after 2 July: tax residency explained,False,12,False,False,3416,2,0,1,0,1,\bstraightforward\b,False,False,"2022,2026",9,0,1,0,0,,2,0,0,1,2,3,0,LegalService|WebSite|ImageObject|WebPage|BreadcrumbList|BlogPosting|Service|FAQPage|LegalService,True,,True,6,False,False,False
en,26124,https://delaguialuzon.com/en/blog/residency-marriage-spanish-citizen/,2026-06-28,200,Residency Through Marriage to a Spanish Citizen | 2026 Guide,60,False,True,146,False,True,0,1,Residency through marriage to a Spanish citizen: The EU family member card explained,False,15,False,False,3483,2,0,0,0,4,\bgenuinely\b,False,False,"2021,2023,2026",12,0,1,0,0,,2,0,0,1,1,5,0,WebPage|BreadcrumbList|ImageObject|Article|LegalService|FAQPage|LegalService,True,Organization,True,7,False,False,False
en,26527,https://delaguialuzon.com/en/blog/branch-office-spain-uk-company/,2026-06-28,200,Setting Up a Branch Office in Spain as a UK Company in 2026,59,False,False,139,False,True,0,1,Setting up a branch office in Spain as a UK company in 2026,False,12,False,False,2959,2,0,6,0,1,,False,False,"2010,2019,2022,2023,2026",8,0,1,0,0,,2,0,0,0,3,5,0,Organization|WebSite|ImageObject|BreadcrumbList|WebPage|BlogPosting|Service|FAQPage|LegalService,True,,True,5,False,False,False
en,26525,https://delaguialuzon.com/en/blog/transfer-pricing-rules-spain/,2026-06-28,200,Transfer Pricing Rules in Spain: What You Need to Know,54,False,False,148,False,True,0,1,Transfer Pricing Rules in Spain: A Guide for 2026,True,12,False,False,2583,2,0,4,0,1,,False,False,"2014,2015,2020,2022,2023,2025,2026",6,0,1,0,0,,0,0,0,0,2,5,0,Organization|WebSite|ImageObject|BreadcrumbList|WebPage|BlogPosting|Service|FAQPage|LegalService,True,,True,5,False,False,False
en,26528,https://delaguialuzon.com/en/blog/spain-corporate-tax-deductions/,2026-06-28,200,Spain Corporate Tax Deductions: A 2026 Guide for Businesses,59,False,False,138,False,True,0,1,Spain corporate tax deductions and allowances 2026,False,12,False,False,2618,2,0,0,0,1,,False,False,"2014,2022,2023,2025,2026",5,0,3,0,0,,2,0,0,2,1,7,0,Organization|WebSite|ImageObject|WebPage|BreadcrumbList|BlogPosting|Service|FAQPage|LegalService,True,,True,5,False,False,False
en,25589,https://delaguialuzon.com/en/blog/moving-to-spain-from-abroad/,2026-06-28,200,Moving to Spain from Abroad: Legal Guide for 2026,49,False,False,153,False,True,0,1,Moving to Spain from abroad: Your legal checklist for the first 90 days,False,15,False,False,3684,2,0,18,0,1,,False,False,"2011,2014,2021,2022,2023,2024,2026",13,0,2,0,0,,2,0,0,0,6,7,0,Organization|WebSite|ImageObject|BreadcrumbList|WebPage|BlogPosting|Service|FAQPage|LegalService,True,,True,5,False,False,False
en,26524,https://delaguialuzon.com/en/blog/vat-registration-foreign/,2026-06-28,200,VAT Registration in Spain for Foreign Businesses: 2026 Guide,60,False,False,140,False,True,0,1,VAT Registration in Spain for Foreign Businesses,True,14,False,False,2925,2,0,3,0,1,,False,False,"2021,2022,2023,2026",7,0,2,0,0,,2,0,0,0,1,5,0,Organization|WebSite|ImageObject|BreadcrumbList|WebPage|BlogPosting|Service|FAQPage|LegalService,True,,True,5,False,False,False
en,26526,https://delaguialuzon.com/en/blog/spain-withholding-tax-dividends/,2026-06-28,200,Spain Withholding Tax on Dividends for Non-Residents 2026,57,False,False,148,False,True,0,1,Spain withholding tax on dividends for non-residents 2026,False,12,False,False,2609,2,0,17,0,1,\bdiscover\b,False,False,"2011,2014,2021,2022,2026",8,0,1,0,0,,2,0,0,0,2,4,0,Organization|WebSite|ImageObject|BreadcrumbList|WebPage|BlogPosting|Service|FAQPage|LegalService,True,,True,5,False,False,False
en,26125,https://delaguialuzon.com/en/blog/pareja-de-hecho-spain-foreigners/,2026-06-28,200,Registering a Civil Partnership in Spain as a Foreigner,55,False,False,139,False,True,0,1,Registering a Civil Partnership (Pareja de Hecho) in Spain as a Foreigner,False,31,False,False,4208,2,0,3,0,1,,False,False,2021,22,0,1,0,0,,2,0,0,0,3,12,0,LegalService,False,,False,0,False,False,False
en,25587,https://delaguialuzon.com/en/blog/power-of-attorney-spain/,2026-06-28,200,Power of Attorney in Spain for Non-Residents 2026,49,False,False,114,False,True,0,1,"Power of attorney in Spain for non-residents: Uses, process and costs",False,13,False,False,4292,2,0,10,0,1,,False,False,"2012,2022,2024,2026",9,0,1,0,0,,2,0,0,2,2,4,1,LegalService|WebSite|ImageObject|WebPage|BreadcrumbList|BlogPosting|Service|FAQPage|LegalService,True,,True,10,False,False,False
en,26740,https://delaguialuzon.com/en/blog/how-to-protect-yourself-against-hacienda/,2026-09-12,200,Beckham Law Spain: how to protect yourself against Hacienda,59,False,False,136,False,True,0,1,The ‘Van Gaal Syndrome’ and the Beckham Law in Spain: how to protect yourself against Hacienda in 2026,False,6,False,False,1774,2,0,1,0,1,,False,False,2026,9,0,2,0,0,,0,0,0,0,1,1,0,LegalService,False,,False,0,False,False,False
en,25580,https://delaguialuzon.com/en/blog/private-health-insurance-spain-expats/,2026-09-18,200,Private Health Insurance in Spain | Legal Guide for Expats,58,False,True,145,False,True,0,1,"Private health insurance in Spain for expats: Costs, providers and visa requirements",False,12,False,False,3135,2,0,14,0,1,it is important to,False,False,"2017,2020,2022,2024,2026",9,0,1,0,0,,1,0,0,2,3,3,0,LegalService|WebSite|ImageObject|WebPage|BreadcrumbList|BlogPosting|Service|FAQPage|LegalService,True,,True,10,False,False,False
en,26401,https://delaguialuzon.com/en/blog/children-born-spain-to-foreign-parents/,2026-06-27,200,Children Born in Spain to Foreign Parents: Nationality Guide,60,False,False,125,False,True,0,1,Children born in Spain to foreign parents: How Spanish nationality works,False,12,False,False,4537,2,0,1,0,1,,False,False,"2020,2022,2024,2025,2026",13,0,1,0,0,,3,0,0,0,4,3,0,LegalService|WebSite|ImageObject|WebPage|BreadcrumbList|BlogPosting|Service|FAQPage|LegalService,True,,True,8,False,False,False
en,26130,https://delaguialuzon.com/en/blog/family-reunification-visa-in-spain/,2026-06-27,200,Family Reunification Visa in Spain | Regulations for 2026,57,False,True,142,False,True,0,1,Bringing your family to Spain: Family reunification (Reagrupación Familiar) explained,False,11,False,False,1274,2,0,1,0,1,,False,False,"2024,2025,2026",8,0,1,0,0,,2,0,0,0,1,5,0,WebPage|ImageObject|BreadcrumbList|Article|Service|LegalService|LegalService,True,,True,0,False,False,False
en,26127,https://delaguialuzon.com/en/blog/sl-vs-selfemployed/,2026-06-18,200,Start a Business in Spain as a Foreigner SL vs Self-Employed,60,False,False,135,False,True,0,1,Setting up a company in Spain as a foreigner: SL versus self-employed,False,11,False,False,1605,2,0,7,0,1,,False,False,"2022,2026",7,0,1,0,0,,2,0,0,0,2,3,0,Organization|LegalService|BreadcrumbList|BlogPosting|Service|FAQPage|LegalService,True,Organization,True,4,False,False,False
en,26126,https://delaguialuzon.com/en/blog/us-llc-spain-tax/,2026-06-17,200,US LLC Spain Tax: What UK Residents Need to Know,48,False,False,131,False,True,0,1,"Can you own a US LLC while living in Spain? Tax treatment, reporting and risks",False,11,False,False,2239,2,0,1,0,1,,False,False,"2022,2026",4,0,1,0,0,,1,0,0,0,1,2,0,LegalService|WebSite|ImageObject|WebPage|BreadcrumbList|BlogPosting|Service|FAQPage|LegalService,True,,True,4,False,False,False
en,26128,https://delaguialuzon.com/en/blog/moving-to-spain-russia-eastern-europe/,2026-09-12,200,Moving to Spain from Eastern Europe: Residency Guide 2026,57,False,False,142,False,True,0,1,"Moving to Spain from Russia, Armenia and Eastern Europe: Residency routes for non-EU nationals",False,12,False,False,2646,2,0,7,0,1,\bgolden visa\b,False,False,"2022,2025,2026",8,0,1,0,0,,1,0,1,0,1,2,0,LegalService|WebSite|ImageObject|WebPage|BreadcrumbList|BlogPosting|Service|FAQPage|LegalService,True,,True,6,False,False,False
en,26131,https://delaguialuzon.com/en/blog/registering-birth-child-spain-foreigner/,2026-06-17,200,Registering a Birth in Spain as a Foreigner: 2026 Guide,55,False,False,155,False,True,0,1,Registering the birth of a child in Spain as a foreigner,False,12,False,False,2991,2,0,10,0,1,\bstraightforward\b,False,False,"2022,2026",7,0,1,0,0,,1,0,1,0,1,4,0,LegalService|WebSite|ImageObject|WebPage|BreadcrumbList|BlogPosting|Service|FAQPage|LegalService,True,,True,6,False,False,False
en,25579,https://delaguialuzon.com/en/blog/importing-car-spain-uk/,2026-06-17,200,Importing a Car to Spain from the UK: 2026 Guide,48,False,False,148,False,True,0,1,Importing a car to Spain from the UK: The complete post-Brexit guide,False,14,False,False,2883,2,0,13,0,1,,False,False,"2013,2021,2022,2026",11,0,1,0,0,,1,0,0,0,3,5,0,LegalService|WebSite|ImageObject|WebPage|BreadcrumbList|BlogPosting|Service|FAQPage|LegalService,True,,True,5,False,False,False
en,26132,https://delaguialuzon.com/en/blog/recognising-foreign-spain/,2026-06-17,200,Recognising a Foreign Divorce in Spain: 2026 Guide,50,False,False,144,False,True,0,1,Recognising a foreign divorce or marriage in Spain: The exequatur process,False,10,False,False,2735,2,0,9,0,1,\bstraightforward\b,False,False,"2019,2021,2022,2026",9,0,1,0,0,,2,0,2,0,1,5,0,LegalService|WebSite|ImageObject|WebPage|BreadcrumbList|BlogPosting|Service|FAQPage|LegalService,True,,True,6,False,False,False
en,25993,https://delaguialuzon.com/en/blog/renewal-non-lucrative-residence-permit-spain/,2026-06-16,200,Renewal of Non-Lucrative Residence Permit in Spain.,51,False,False,136,False,True,0,1,Renewal of non-lucrative residence permit in Spain: The new 183-day requirement (RD 1155/2024),False,0,False,False,1,2,0,0,0,1,,False,False,,0,0,0,0,0,,0,0,0,0,0,0,0,LegalService,False,,False,0,False,False,False
en,25591,https://delaguialuzon.com/en/blog/moving-to-spain-dutch-expats/,2026-06-02,200,Moving to Spain from the Netherlands: Legal Guide 2026,54,False,False,147,False,True,0,1,"Moving to Spain from the Netherlands: Taxes, the Beckham Law and what Dutch expats must know",False,13,False,False,2669,2,0,15,0,1,,False,False,"2022,2023,2026",9,0,1,0,0,,2,0,0,0,2,3,0,Organization|LegalService|BreadcrumbList|Article|FAQPage|LegalService,True,Organization,True,5,False,False,False
en,25582,https://delaguialuzon.com/en/blog/cultural-differences-living-in-spain/,2026-06-11,200,Cultural Differences Living in Spain | Expat Guide,50,False,True,158,False,True,0,1,Cultural differences living in Spain: An honest guide for British and American expats,False,13,False,False,2837,2,0,17,0,1,\bdiscover\b; \bgenuinely\b; \bstraightforward\b,False,False,"2021,2022,2026",10,0,1,0,0,,2,0,0,0,2,4,0,LegalService|WebSite|ImageObject|WebPage|BreadcrumbList|BlogPosting|Service|FAQPage|LegalService,True,,True,4,False,False,False
en,25584,https://delaguialuzon.com/en/blog/exchange-uk-driving-licence-spain/,2026-05-29,200,How to Exchange a UK Driving Licence in Spain: DGT Guide,56,False,False,142,False,True,0,1,How to exchange a UK driving licence in Spain: The DGT process explained,False,14,False,False,3031,2,0,18,0,1,\bstraightforward\b,False,False,"2021,2026",10,0,1,0,0,,2,0,0,0,1,5,0,BreadcrumbList|LegalService|Article|FAQPage|LegalService,True,Organization,True,5,False,False,False
en,25592,https://delaguialuzon.com/en/blog/moving-to-spain-scandinavian-expats/,2026-05-28,200,Moving to Spain from Scandinavia | Legal & tax advice,53,False,True,143,False,True,0,1,"Moving to Spain from Norway, Sweden, Denmark, or Finland: Tax, residency, and the Beckham Law for Scandinavian expats",False,15,False,False,2373,2,0,7,0,1,,False,False,"2022,2026",8,0,1,0,0,,2,0,2,0,2,2,0,BreadcrumbList|ImageObject|Article|Service|FAQPage|LegalService,True,Organization,True,5,False,False,False
en,25590,https://delaguialuzon.com/en/blog/spanish-school-system-expat-children/,2026-05-28,200,Spanish School System for Expat Children 2026,45,False,False,145,False,True,0,1,"The Spanish school system for expat children: State, concertada, and international options",False,12,False,False,1852,2,0,10,0,1,,False,False,2026,6,0,2,0,0,,3,0,3,0,1,3,0,Article|LegalService,True,Organization,True,0,False,False,False
en,25491,https://delaguialuzon.com/en/blog/bringing-pets-to-spain/,2026-06-04,200,Bringing Pets to Spain from UK After Brexit | Detailed Guide,60,False,True,127,False,True,0,1,Bringing pets to Spain from the UK after Brexit: A detailed Guide,False,10,False,False,3313,2,0,22,10,1,,False,False,"2013,2020,2021,2026",7,0,3,0,0,,0,0,0,0,2,5,0,BlogPosting|BreadcrumbList|FAQPage|BreadcrumbList|LegalService,True,Organization,True,3,False,False,False
en,25444,https://delaguialuzon.com/en/blog/conveyancing-spain/,2026-06-17,200,Conveyancing in Spain: A Legal Guide for Buyers 2026,52,False,False,141,False,True,0,1,Conveyancing in Spain: A complete guide for UK and international buyers,False,11,False,False,3429,2,0,7,0,1,,False,False,"2012,2019,2021,2023,2026",9,0,1,0,0,,1,0,0,1,2,3,0,BreadcrumbList|Article|LegalService|FAQPage|LegalService,True,Organization,True,4,False,False,False
en,25415,https://delaguialuzon.com/en/blog/valencia-suburbs-for-expats/,2026-06-17,200,Best Valencia Suburbs for Expats: Your Guide for 2026,53,False,False,129,False,True,0,1,"Best Valencia suburbs to move to in 2026: L’Eliana, Rocafort, and Lliria",False,13,False,False,3817,2,0,27,0,1,\bdiscover\b; \bgenuinely\b; \bstraightforward\b,False,False,"2019,2024,2026",20,0,0,0,0,,2,0,0,0,7,1,0,BreadcrumbList|Article|LegalService|FAQPage|LegalService,True,Organization,True,2,False,False,False
en,25381,https://delaguialuzon.com/en/blog/tourist-visa-spain/,2026-05-21,200,Tourist Visa Spain: Entry Rules for Non-EU Nationals,52,False,False,124,False,True,0,1,Tourist Visa Spain: Entry rules for non-EU nationals,False,15,False,False,3396,2,0,4,0,1,\bstraightforward\b,False,False,"2018,2019,2022,2023,2024,2026",16,0,1,0,0,,2,0,0,0,7,6,0,BreadcrumbList|Article|Service|FAQPage|LegalService,True,Organization,True,4,False,False,False
en,25512,https://delaguialuzon.com/en/blog/expats-in-spain/,2026-09-24,200,"Expats in Spain: Beckham Law, tax residency & Form 720",54,False,False,157,False,True,0,1,Expats in Spain: The tax issues you need to address before you move back,False,0,False,False,1,2,0,0,0,2,,False,False,,0,0,0,0,0,,0,0,0,0,0,0,0,LegalService,False,,False,0,False,False,False
en,25335,https://delaguialuzon.com/en/blog/spanish-nif/,2026-06-17,200,Spanish NIF and CIF: Tax ID Guide for Foreign Companies,55,False,False,118,False,True,0,1,Spanish NIF and CIF for foreign companies and individuals: A 2026 guide,False,14,False,False,3367,2,0,1,0,1,\bstraightforward\b,False,False,2026,16,0,1,0,0,,2,0,0,0,1,1,0,BreadcrumbList|Article|Service|FAQPage|LegalService,True,Organization,False,6,False,False,False
en,25362,https://delaguialuzon.com/en/blog/autonomo-rights-spain/,2026-05-21,200,Know your autónomo rights in Spain: benefits & protections,58,False,False,145,False,True,0,1,"Autónomo rights in Spain: A 2026 guide to sick leave, parental leave and unemployment",False,15,False,False,3579,2,0,2,0,1,\bdiscover\b; \b6\d years of experience,False,False,"2010,2014,2015,2018,2019,2021,2022,2023,2024,2025,2026",8,0,1,0,0,,2,0,0,1,4,11,0,BreadcrumbList|Article|Service|FAQPage|LegalService,True,Organization,True,4,False,False,False
en,25269,https://delaguialuzon.com/en/blog/dismissal-in-spain/,2026-06-17,200,Dismissal in Spain: 2026 Guide for Employers and Employees,58,False,False,124,False,True,0,1,Dismissal in Spain: A 2026 guide for international employers and employees,False,13,False,False,3775,2,0,3,0,4,,False,False,"2012,2015,2021,2023,2024,2025,2026",9,0,1,0,0,,2,0,0,1,2,15,0,Organization|WebSite|WebPage|ImageObject|BreadcrumbList|Article|Service|FAQPage|LegalService,True,,False,5,False,False,False
en,25245,https://delaguialuzon.com/en/blog/empadronamiento-spain/,2026-09-09,200,Empadronamiento in Spain 2026: Padrón Registration Guide,56,False,False,104,False,True,0,1,"What is empadronamiento, why it matters, and how to register",False,16,False,False,4203,2,0,0,0,1,\bstraightforward\b,False,False,"2021,2022,2026",11,0,1,0,0,,2,0,0,0,2,1,0,LegalService,False,,False,0,False,False,False
en,25233,https://delaguialuzon.com/en/blog/writing-spanish-will/,2026-09-09,200,Spanish Will for UK Nationals 2026: Complete Legal Guide,56,False,False,148,False,True,0,1,How to write a Spanish will for UK nationals,False,14,False,False,2955,2,0,2,0,1,\bstraightforward\b,False,False,"2012,2025,2026",12,0,0,0,0,,2,0,0,0,1,1,0,Organization|WebSite|WebPage|ImageObject|BreadcrumbList|Article|Service|FAQPage|LegalService,True,,False,6,False,False,False
en,25207,https://delaguialuzon.com/en/blog/ees-etias-uk-nationals-spain/,2026-09-12,200,EES and ETIAS for UK Nationals Coming to Spain,46,False,False,139,False,True,0,1,EES and ETIAS for UK nationals visiting Spain: 2026 border-crossing guide,False,13,False,False,2525,2,0,0,0,1,,False,False,"2017,2020,2021,2025,2026",15,0,1,0,0,,1,0,0,0,2,6,1,Article|BreadcrumbList|Product|LegalService,True,Organization,True,0,False,False,False
en,25069,https://delaguialuzon.com/en/blog/apostille-sworn-translation-spain/,2026-05-15,200,Apostille and Sworn Translation in Spain: UK Guide 2026,55,False,False,108,False,True,0,1,Apostille and sworn translation Spain: UK document guide 2026,False,13,False,False,2894,2,0,0,0,1,\bstraightforward\b,False,False,"2021,2024,2026",10,0,1,0,0,,2,0,0,0,2,4,1,Organization|WebSite|WebPage|ImageObject|BreadcrumbList|Article|Service|FAQPage|LegalService,True,,False,7,False,False,False
en,25071,https://delaguialuzon.com/en/blog/spanish-bank-account-non-residents-uk/,2026-05-15,200,How to Open a Spanish Bank Account for Non-Residents,52,False,False,134,False,True,0,1,Spanish bank account for non-residents: UK citizen’s guide 2026,False,13,False,False,2624,2,0,1,0,1,\bhonestly\b; \bstraightforward\b,False,False,"2010,2014,2015,2026",10,0,2,0,0,,2,0,0,0,2,6,1,BlogPosting|BreadcrumbList|Service|LegalService,True,Organization,True,0,False,False,False
en,23650,https://delaguialuzon.com/en/blog/real-estate-in-valencia/,2026-05-15,200,Life in Turia City: Real Estate in Valencia 2026,48,False,False,129,False,True,0,1,Life in the Turia: Lifestyle and real estate in Valencia 2026,False,10,False,False,1909,2,0,0,0,1,\bgolden visa\b,False,False,"2022,2024,2025,2026",15,0,0,0,0,,2,0,0,2,1,3,0,LegalService|WebPage|BreadcrumbList|BlogPosting|FAQPage|LegalService,True,,True,5,False,True,False
en,24988,https://delaguialuzon.com/en/blog/valencia-tourist-accommodation/,2026-05-15,200,Tourist accommodation Valencia 2026 | Delaguía & Luzón,54,False,True,175,False,False,0,1,Valencia’s new tourist accommodation rules (2026): what property owners must know,False,8,False,True,1844,2,0,14,14,15,,False,False,"2018,2024,2026",12,0,3,0,0,,0,0,0,0,3,4,0,Organization|WebSite|WebPage|ImageObject|BreadcrumbList|Article|Service|FAQPage|LegalService,True,,False,4,False,False,False
en,24772,https://delaguialuzon.com/en/blog/grants-for-self-employed-workers/,2026-05-15,200,Grants for Self-Employed Workers: Complete Guide,48,False,False,125,False,True,0,1,"Grants for self-employed workers in 2026: What’s in force, what is coming and how to make the most of it",False,0,False,False,1,2,0,0,0,2,,False,False,,0,0,0,0,0,,0,0,0,0,0,0,0,LegalService,False,,False,0,False,False,False
en,21656,https://delaguialuzon.com/en/blog/residency-in-spain/,2026-09-08,200,How to Obtain Residency in Spain: Pathways Compared,51,False,False,136,False,True,0,1,Ways to obtain residency in Spain: Different pathways explained,False,12,False,False,3387,2,0,0,0,1,\bgolden visa\b,False,False,"2011,2013,2020,2022,2024,2025,2026",19,0,7,0,0,,3,0,0,3,1,7,4,LegalService|WebPage|BreadcrumbList|BlogPosting|FAQPage|LegalService,True,,True,10,False,False,False
en,23645,https://delaguialuzon.com/en/blog/moving-to-valencia/,2026-05-28,200,Moving to Valencia in 2026: Your Complete Relocation Guide,58,False,False,124,False,True,0,1,The logistics of moving to Valencia in 2026: A complete relocation guide,False,15,False,False,3751,2,0,0,0,1,\bgolden visa\b,False,False,"2013,2018,2020,2021,2022,2023,2024,2025,2026",22,0,8,0,0,,4,0,0,3,1,6,4,LegalService,False,,False,0,False,False,False
en,10247,https://delaguialuzon.com/en/blog/british-expats-brexit/,2026-05-14,200,British Expats in Spain Post-Brexit: 2026 Insights,50,False,False,132,False,True,0,1,What’s expected of British expats in Spain post Brexit?,False,13,False,False,3287,2,0,0,0,1,\bgolden visa\b,False,False,"2012,2020,2021,2022,2023,2024,2025,2026",26,0,8,0,0,,2,0,0,3,1,10,4,LegalService,False,,False,0,False,False,False
en,17990,https://delaguialuzon.com/en/blog/buying-property-spain/,2026-05-05,200,Buying Property in Spain: Via a Company or as an Individual?,60,False,False,137,False,True,0,1,Buying property via a company or as an individual in Spain?,False,13,False,False,4329,2,0,0,0,1,\bgolden visa\b,False,False,"2012,2022,2023,2024,2025,2026",29,0,11,0,0,,2,0,0,3,2,12,7,LegalService|WebPage|BreadcrumbList|BlogPosting|FAQPage|LegalService,True,,True,10,False,False,False
en,24445,https://delaguialuzon.com/en/blog/buy-house-valencia-non-resident/,2026-09-17,200,Buying a House in Valencia as a Non-Resident: A How to Guide,60,False,False,131,False,True,0,1,How to buy a house in Valencia as a non-resident,False,15,False,False,2680,2,0,1,0,1,,False,False,,31,0,0,0,0,,3,0,0,0,1,3,0,Organization|WebSite|WebPage|ImageObject|BreadcrumbList|Article|Service|FAQPage|LegalService,True,,False,8,False,False,False
en,892,https://delaguialuzon.com/en/blog/beckham-law-spanish-tax-regime/,2026-09-12,200,Beckham Law Spain: Tax Guide for Foreign Residents,50,False,False,133,False,True,0,1,Beckham Law Spain 2026: complete tax-regime guide for foreign professionals,False,9,False,False,1293,2,0,2,0,1,,False,False,"2023,2026",21,0,5,0,0,,0,0,0,0,2,12,0,LegalService,False,,False,0,False,False,False
en,15116,https://delaguialuzon.com/en/blog/modelo-720-spain/,2026-09-09,200,Modelo 720 Spain 2026: Foreign Assets Declaration,49,False,False,146,False,True,0,1,Modelo 720: Mandatory informative declaration of foreign assets for Spanish tax residents,False,5,False,False,562,2,0,0,0,1,,False,False,"2012,2022,2024,2025",8,0,2,0,0,,0,0,0,1,0,2,0,LegalService,False,,False,0,False,False,False
en,23647,https://delaguialuzon.com/en/blog/valencia-cost-of-living/,2026-05-28,200,Valencia Cost of Living 2026: Beckham Law & Expat Guide,55,False,False,153,False,True,0,1,Valencia cost of living 2026: A strategic financial guide,False,0,False,False,1,2,0,0,0,3,,False,False,,0,0,0,0,0,,0,0,0,0,0,0,0,LegalService,False,,False,0,False,False,False
en,21452,https://delaguialuzon.com/en/blog/extraordinary-regularisation-foreigners-spain/,2026-10-01,200,"Spain Regularisation 2026: Deadline Closed, What Next?",54,False,False,143,False,True,0,1,"Extraordinary Regularisation in Spain: The 30 June 2026 Deadline Has Closed, What Now?",True,0,False,False,1,2,0,0,0,1,,False,False,,0,0,0,0,0,,0,0,0,0,0,0,0,LegalService,False,,False,0,False,False,False
en,22851,https://delaguialuzon.com/en/blog/uk-pension-contributions-in-spain/,2026-09-11,200,UK pension contributions in Spain 2026: post-deadline guide,59,False,False,156,False,True,0,1,UK pension contributions in Spain in 2026: how Spanish and UK years really combine,False,15,False,False,2499,2,0,0,0,1,,False,False,"2013,2020,2021,2025,2026",7,0,11,0,0,,2,0,1,0,1,5,0,LegalService,False,,False,0,False,False,False
en,22687,https://delaguialuzon.com/en/blog/vat-exemption-spain/,2026-03-31,200,Autónomo VAT Exemption Spain: 2026 Rules for Foreigners,55,False,False,141,False,True,0,1,Autónomo VAT exemption in Spain: New rules for foreigners and small businesses,False,11,False,False,1496,2,0,0,0,1,\bgenuinely\b,False,False,2020,12,0,1,0,0,,4,0,2,0,1,8,0,LegalService,False,,False,0,False,False,False
en,22612,https://delaguialuzon.com/en/blog/tax-structuring-between-ireland-spain/,2026-04-01,200,Tax Structuring Ireland and Spain: Business Move Guide,54,False,False,146,False,True,0,1,Tax structuring between Ireland and Spain: Transitioning your business to Spain,False,9,False,False,1498,2,0,1,0,1,\bgenuinely\b,False,False,2015,7,0,4,0,0,,4,0,2,0,1,2,0,LegalService,False,,False,0,False,False,False
en,22572,https://delaguialuzon.com/en/blog/spanish-tax-deadlines/,2026-09-11,200,Spanish tax deadlines 2026: complete filing calendar,52,False,False,151,False,True,0,1,Spanish tax deadlines: Complete calendar for residents and expats,False,9,False,False,1805,2,0,18,0,1,,False,False,"2025,2026",19,0,1,0,0,,5,0,4,4,0,16,0,LegalService,False,,False,0,False,False,False
en,22409,https://delaguialuzon.com/en/blog/spanish-wealth-tax/,2026-05-28,200,Spanish Wealth Tax and Passive Income: Complete Guide,53,False,False,146,False,True,0,1,Spanish wealth tax and taxes on passive income in Spain,False,8,False,False,1188,2,0,0,0,1,it is important to; \bstraightforward\b,False,False,,7,0,8,0,0,,2,0,2,0,3,4,0,LegalService,False,,False,0,False,False,False
en,22275,https://delaguialuzon.com/en/blog/spain-exit-tax/,2026-05-11,200,Spain Exit Tax: Rules for Investors and Expats in 2026,54,False,False,144,False,True,0,1,Spain exit tax: What happens to your investments when you leave Spain?,False,10,False,False,1097,2,0,6,0,1,,False,False,,10,0,1,0,0,,2,0,2,0,3,5,0,LegalService,False,,False,0,False,False,False
en,22109,https://delaguialuzon.com/en/blog/long-term-residence-in-spain/,2026-03-09,200,Long-Term Residence in Spain: Route to Citizenship,50,False,False,146,False,True,0,1,Long-term residence in Spain and the route to citizenship,False,8,False,False,1118,2,0,0,0,1,it is important to,False,False,,8,0,6,0,0,,2,0,1,0,1,7,0,LegalService,False,,False,0,False,False,False
en,22034,https://delaguialuzon.com/en/blog/us-and-spanish-tax-implications/,2026-02-26,200,US Investment Funds Buying Property in Spain: Tax Guide,55,False,False,154,False,True,0,1,US and Spanish tax implications of using US investment funds to buy property in Spain,False,11,False,False,1750,2,0,2,0,1,,False,False,,16,0,4,0,0,,3,0,2,0,2,6,0,LegalService,False,,False,0,False,False,False
en,21840,https://delaguialuzon.com/en/blog/divorce-spain-for-expats/,2026-02-27,200,Divorce in Spain for Expats: Custody and Assets Explained,57,False,False,136,False,True,0,1,Divorce across borders: How it works in Spain for expats,False,6,False,True,1083,2,0,6,0,1,it is important to; \bstraightforward\b,False,False,2019,3,0,9,0,0,,2,0,2,0,1,8,0,LegalService,False,,False,0,False,False,False
en,17261,https://delaguialuzon.com/en/blog/spain-corporate-tax/,2026-09-18,200,"Spain corporate tax 2026: rates, deductions & how to pay less",61,False,False,140,False,True,0,1,Spain corporate tax: What you need to know for your business,False,14,False,False,2195,2,0,2,0,1,,False,False,"2022,2025,2026",11,0,6,0,0,,0,0,0,0,7,4,0,LegalService,False,,False,0,False,False,False
en,20556,https://delaguialuzon.com/en/blog/reduce-your-tax-burden-in-spain/,2026-06-17,200,How to Reduce Your Tax Burden in Spain | 2026 Guide,51,False,True,157,False,True,0,1,Reduce your tax burden in Spain: Your income tax guide,False,12,False,False,2024,2,0,6,0,1,,False,False,"2013,2023,2026",12,0,9,0,0,,0,0,0,0,4,3,0,LegalService,False,,False,0,False,False,False
en,21606,https://delaguialuzon.com/en/blog/spanish-tax-for-australians/,2026-08-25,200,Spanish Tax for Australians: Residency and Asset Rules,54,False,False,135,False,True,0,1,Australian expats in Spain: Navigating tax residency and foreign assets,False,11,False,False,1871,2,0,1,0,1,it is important to,False,False,"2025,2026",19,0,4,0,0,,2,0,2,0,1,3,0,LegalService,False,,False,0,False,False,False
en,21544,https://delaguialuzon.com/en/blog/spain-digital-nomad-visa-w2/,2026-08-25,200,Spain Digital Nomad Visa for US W-2 Employees 2026,50,False,False,136,False,True,0,1,Spain Digital Nomad Visa requirements for US W-2 employees,True,12,False,False,1021,2,0,0,0,1,it is important to,False,False,2026,15,0,1,0,0,,3,0,3,0,1,5,0,LegalService,False,,False,0,False,False,False
en,8633,https://delaguialuzon.com/en/blog/apply-digital-nomad-visa-spain/,2026-09-24,200,Digital Nomad Visa in Spain: UK Citizens' Complete Guide,56,False,False,146,False,True,0,1,Digital Nomad Visa in Spain 2026: a UK citizen’s guide,False,0,False,False,1,2,0,0,0,1,,False,False,,0,0,0,0,0,,0,0,0,0,0,0,0,LegalService,False,,False,0,False,False,False
en,20998,https://delaguialuzon.com/en/blog/overstaying-visa-spain/,2026-06-02,200,"Overstaying Visa in Spain 2026: Fines, Bans & What to Do",56,False,False,137,False,True,0,1,The hidden cost of staying too long: What happens if you overstay your visa in Spain?,False,7,False,False,1347,2,0,2,0,1,,False,False,2022,8,0,4,0,0,,2,0,1,0,2,3,0,LegalService,False,,False,0,False,False,False
en,20417,https://delaguialuzon.com/en/blog/declare-uk-income-in-spain/,2026-06-02,200,Declaring UK Income in Spain 2026: Expat Tax Guide,50,False,False,149,False,True,0,1,How to declare UK income as a Spanish resident,False,7,False,False,1295,2,0,3,0,1,,False,False,,12,0,2,0,0,,1,0,1,0,1,7,0,LegalService,False,,False,0,False,False,False
en,20418,https://delaguialuzon.com/en/blog/qrops-transfer-spain/,2026-09-24,200,UK Pension QROPS Transfer to Spain: Expert Guide,48,False,False,142,False,True,0,1,Smart strategies for transferring UK pension funds to a Spanish QROPS,False,5,False,False,1285,2,0,5,0,1,it is important to; \bstraightforward\b,False,False,,12,0,3,0,0,,1,0,1,0,1,5,0,LegalService,False,,False,0,False,False,False
en,20430,https://delaguialuzon.com/en/blog/legal-fees-buying-spanish-property/,2026-09-08,200,Understanding Legal Fees for Buying Property in Spain,53,False,False,141,False,True,0,1,Understanding legal fees for buying property in Spain,False,8,False,False,1692,2,0,10,0,1,,False,False,"2025,2026",16,0,2,0,0,,0,0,0,0,4,1,0,LegalService,False,,False,0,False,False,False
en,20432,https://delaguialuzon.com/en/blog/spanish-mortgage-review/,2026-05-11,200,Solicitor Review of Spanish Mortgages | For UK Buyers,53,False,True,120,False,True,0,1,Spanish mortgage review: What UK buyers need to know before signing,False,12,False,False,2198,2,0,3,14,1,\b6\d years of experience,False,False,"2014,2019,2024,2026",8,0,2,0,0,,1,0,0,0,5,7,0,LegalService,False,,False,0,False,True,False
en,20394,https://delaguialuzon.com/en/blog/spanish-non-lucrative-visa/,2026-09-08,200,Spanish Non-Lucrative Visa: Expert Legal Help,45,False,False,157,False,True,0,1,Get your Spanish non-lucrative visa approved,False,5,False,False,1755,2,0,7,0,1,\b6\d years of experience,False,False,"2011,2024,2025",15,0,2,0,0,,2,0,2,0,1,7,0,LegalService,False,,False,0,False,False,False
en,20439,https://delaguialuzon.com/en/blog/legal-support-uk-businesses/,2026-08-25,200,Legal Support for UK Businesses in Spain: Delaguía y Luzón,58,False,False,135,False,True,0,1,Legal support for UK business owners,False,7,False,False,1331,2,0,6,0,1,\bgolden visa\b; \b6\d years of experience,False,False,"2010,2022,2025",17,0,2,0,0,,1,0,1,0,2,3,0,LegalService,False,,False,0,False,False,False
en,20352,https://delaguialuzon.com/en/blog/uk-spain-cross-border-legal-disputes/,2026-03-10,200,Resolve UK-Spain Cross-Border Legal Disputes Fast,49,False,False,146,False,True,0,1,Resolve UK–Spain cross-border legal disputes with expert mediation,False,8,False,False,1560,2,0,12,0,1,,False,False,"2012,2013,2019,2024,2025",12,0,5,0,0,,2,0,2,0,1,5,0,LegalService,False,,False,0,False,False,False
en,20275,https://delaguialuzon.com/en/blog/uk-spain-double-taxation/,2026-08-16,200,UK Spain double taxation 2026: complete guide for British expats,64,False,False,149,False,True,0,1,UK Spain double taxation 2026: complete guide for British residents and expats,False,10,False,False,2012,2,0,3,6,1,,False,False,2013,6,0,2,0,0,,2,0,2,0,3,7,0,LegalService,False,,False,0,False,False,False
en,20177,https://delaguialuzon.com/en/blog/franchise-agreements-spain/,2026-04-23,200,Franchise Agreements in Spain: Legal localization,49,False,False,145,False,True,0,1,Franchise agreements in Spain: Legal localisation guide for international brands,False,11,False,False,1092,2,0,0,0,1,,False,False,"2010,2018,2025,2026",14,1,6,0,0,,2,0,1,0,1,1,0,LegalService,False,,False,0,False,False,False
en,19699,https://delaguialuzon.com/en/blog/legalising-unregistered-property-spain/,2026-04-24,200,Legalising Unregistered Property in Spain,41,False,False,146,False,True,0,1,Legalising unregistered properties in Spain for foreign investors,False,11,False,False,2427,2,0,0,0,1,\bstraightforward\b,False,False,"2014,2026",10,0,2,0,0,,0,0,0,0,4,1,0,LegalService,False,,False,0,False,False,False
en,18877,https://delaguialuzon.com/en/blog/spain-regional-property-taxes/,2026-05-28,200,Spain Regional Property Taxes Demystified,41,False,False,140,False,True,0,1,Spain’s regional property taxes demystified,False,21,False,False,3430,2,0,9,27,1,,False,False,"2025,2026",17,0,5,0,0,,1,0,1,0,6,12,0,LegalService,False,,False,0,False,False,False
en,18710,https://delaguialuzon.com/en/blog/international-contracts-spain/,2026-08-21,200,International Contracts Under Spanish Law: 2026 Guide,53,False,False,141,False,True,0,1,International contracts under Spanish law: a 2026 guide for cross-border business,False,15,False,False,1377,2,0,0,0,1,\bgenuinely\b; \bstraightforward\b,False,False,"2020,2026",8,0,1,0,0,,0,0,0,0,0,2,0,LegalService,False,,False,0,False,False,False
en,18477,https://delaguialuzon.com/en/blog/spanish-healthcare-system/,2026-08-20,200,Spanish healthcare vs UK healthcare 2026: British expat guide,61,False,False,150,False,True,0,1,Spanish healthcare vs UK healthcare in 2026: what British nationals need to know,False,9,False,False,1233,2,0,0,0,1,,False,False,,7,0,3,0,0,,1,0,0,0,0,6,0,LegalService,False,,False,0,False,False,False
en,18119,https://delaguialuzon.com/en/blog/spain-startup-visa/,2026-04-29,200,Spain Startup Visa 2026: Legal and Tax Experts Guide,52,False,False,144,False,True,0,1,Spain’s startups and entrepreneur visa law,False,6,False,False,1336,2,0,0,0,4,\bgolden visa\b,False,False,"2013,2022,2025,2026",20,0,2,0,0,,1,0,0,0,1,3,0,LegalService,False,,False,0,False,False,False
en,17854,https://delaguialuzon.com/en/blog/relocating-uk-employees-to-spain/,2026-04-29,200,Relocating UK Employees to Spain: Work Permits and NIE,54,False,False,146,False,True,0,1,"Relocating UK employees to Spain: Immigration, work permits and NIE explained",False,13,False,False,2062,2,0,5,0,2,\bdiscover\b,False,False,"2020,2023",11,0,0,0,0,,1,0,1,0,1,10,0,LegalService,False,,False,0,False,False,False
en,17624,https://delaguialuzon.com/en/blog/tech-giant-establishes-operations-spain/,2026-04-29,200,Establishing a Business in Spain: Legal and Tax Support,55,False,False,145,False,True,0,1,Success story: global tech giant establishes operations in Spain with comprehensive legal support,False,9,False,False,1084,2,0,7,5,1,,False,False,"2010,2023",13,0,2,0,0,,0,0,0,0,0,3,0,LegalService,False,,False,0,False,False,False
en,17195,https://delaguialuzon.com/en/blog/cross-border-ma-spain/,2025-11-21,200,Cross-Border M&A in Spain: Legal and Tax Advisory,49,False,False,134,False,True,0,1,Cross-border mergers and acquisitions in Spain,False,7,False,False,1380,2,0,0,0,1,\bdiscover\b,False,False,"2023,2025",6,0,6,0,0,,3,0,0,0,1,7,0,LegalService,False,,False,0,False,False,False
en,16616,https://delaguialuzon.com/en/blog/international-inheritance-lawyer/,2026-04-24,200,International Inheritance Lawyer: A Success story,49,False,False,140,False,True,0,1,International succession in Spain: Success story of a Belgian family with movable and immovable assets,False,8,False,False,1515,2,0,17,0,4,,False,False,"2014,2023,2025,2026",16,0,22,0,0,,2,0,1,0,2,3,0,LegalService,False,,False,0,False,False,False
en,16692,https://delaguialuzon.com/en/blog/paid-parental-leave/,2025-11-21,200,Paid Parental Leave in Spain: New 19-Week Entitlement,53,False,False,140,False,True,0,1,Increase in family leave entitlement,False,5,False,False,605,2,0,0,0,1,,False,False,"2010,2015,2019,2024,2025,2026",2,0,1,0,0,,0,0,0,0,0,2,0,LegalService,False,,False,0,False,False,False
en,16187,https://delaguialuzon.com/en/blog/unfair-dismissal-compensation/,2025-11-21,200,Unfair Dismissal Compensation Spain: Supreme Court Ruling,57,False,False,139,False,True,0,1,The Supreme Court of Spain rules that compensation for unfair dismissal will not be increased by judicial means,False,3,False,False,490,2,0,0,0,1,,False,False,,4,0,3,0,0,,0,0,0,0,0,1,0,LegalService,False,,False,0,False,False,False
en,15852,https://delaguialuzon.com/en/blog/vat-short-term-tourist-rentals/,2026-08-25,200,VAT on Short-Term Tourist Rentals in Spain: Owner Guide,55,False,False,140,False,True,0,1,VAT on short-term tourist rentals: Everything you need to know as an owner,False,9,False,False,1157,2,0,0,0,1,,False,False,"2025,2026",11,0,3,0,0,,0,0,0,0,0,5,0,LegalService,False,,False,0,False,False,False
en,15707,https://delaguialuzon.com/en/blog/short-term-rentals-in-spain/,2026-09-28,200,New Short Term Rentals in Spain: 2026 Updates,45,False,False,143,False,True,0,1,New rules for short-term rentals in Spain: What has changed?,False,10,False,False,743,2,0,0,0,1,,False,False,"2024,2025,2026",3,0,13,0,0,,2,0,2,0,1,6,0,LegalService,False,,False,0,False,False,False
en,13689,https://delaguialuzon.com/en/blog/interview-gonzalo-gomez-luzon/,2026-04-29,200,Interview with Gonzalo Gómez Luzón: 65th Anniversary,52,False,False,146,False,True,0,1,Interview with Gonzalo Gómez Luzón for the 65th anniversary of Delaguía y Luzón,False,10,False,False,838,2,0,0,0,1,,False,False,2015,5,0,1,0,0,,0,0,0,0,0,0,0,LegalService,False,,False,0,False,False,False
en,14384,https://delaguialuzon.com/en/blog/legal-structure-startup-in-spain/,2026-02-02,200,Legal Structure for a Startup in Spain: Best Choice,51,False,False,149,False,True,0,1,How to choose the appropriate legal structure for a startup in Spain,False,8,False,False,776,2,0,4,0,1,,False,False,,27,0,1,0,0,,2,0,2,0,0,16,0,LegalService,False,,False,0,False,False,False
en,13919,https://delaguialuzon.com/en/blog/working-in-spain-as-a-foreigner/,2026-04-29,200,Working in Spain as a Foreigner: Labour Rights Guide,52,False,False,140,False,True,0,1,Labour rights of foreign workers in Spain,False,8,False,False,1795,2,0,0,0,1,,False,False,,23,1,2,0,0,,3,0,2,0,3,3,0,LegalService,False,,False,0,False,False,False
en,13755,https://delaguialuzon.com/en/blog/supreme-court-ruling-tourist-apartments/,2026-08-10,200,Supreme Court ruling on tourist apartments in Spain,51,False,False,154,False,True,0,1,Supreme Court ruling on tourist apartments: What changes for communities?,False,12,False,False,1954,2,0,0,0,1,,False,False,"2024,2025,2026",5,0,1,0,0,,0,0,0,0,2,4,0,FAQPage|LegalService,True,,False,8,False,False,False
en,13538,https://delaguialuzon.com/en/blog/international-inheritances-in-spain/,2026-05-28,200,Inheritance Tax in Spain: Regulations You Should Know Of,56,False,False,127,False,True,0,1,Inheritance tax in Spain: Regulations on international succession,False,10,False,False,1140,2,0,6,0,1,\bstraightforward\b,False,False,"2012,2025,2026",10,0,11,0,0,,0,0,0,0,1,1,0,LegalService,False,,False,0,False,False,False
en,13250,https://delaguialuzon.com/en/blog/minimum-interprofessional-salary/,2026-09-12,200,Minimum wage Spain 2026: Interprofessional Salary Guide,55,False,False,124,False,True,0,1,"Minimum wage in Spain 2026: hourly rate, SMI and full guide",False,12,False,False,2474,2,0,2,0,1,,False,False,"2018,2019,2020,2021,2022,2023,2024,2025,2026",8,0,1,0,0,,1,0,0,3,2,1,0,LegalService|WebSite|ImageObject|WebPage|BreadcrumbList|BlogPosting|Service|FAQPage|LegalService,True,Organization,False,10,False,False,False
en,12852,https://delaguialuzon.com/en/blog/investing-in-spain/,2026-05-28,200,Property Investing in Spain: 2026 Market Guide,46,False,False,147,False,True,0,1,Property investing in Spain,False,5,False,False,940,2,0,0,0,1,\bgolden visa\b,False,False,"2024,2025",12,0,2,0,0,,0,0,0,0,0,3,0,LegalService,False,,False,0,False,False,False
en,11988,https://delaguialuzon.com/en/blog/65-anniversary-delaguia-luzon/,2026-04-20,200,Delaguía y Luzón Celebrates Its 65th Anniversary,48,False,False,144,False,True,0,1,Delaguía y Luzón celebrates its 65th anniversary,False,0,False,False,171,2,0,0,0,1,,False,False,2025,1,0,0,0,0,,0,0,0,0,0,0,0,LegalService,False,,False,0,False,False,False
en,11830,https://delaguialuzon.com/en/blog/cryptocurrency-spain/,2026-06-16,200,Cryptocurrency in Spain: Business Opportunities 2026,52,False,False,146,False,True,0,1,Cryptocurrency in Spain: Opportunities and strategies for businesses,False,13,False,False,3229,2,0,6,0,1,,False,False,"2022,2023,2024,2026",10,0,1,0,0,,1,0,1,0,1,4,0,LegalService|WebSite|ImageObject|WebPage|BreadcrumbList|BlogPosting|Service|FAQPage|LegalService,True,,True,7,False,False,False
en,11090,https://delaguialuzon.com/en/blog/support-measures-people-affected-2024-dana/,2025-11-21,200,Support Measures for 2024 DANA Victims in Valencia,50,False,False,137,False,True,0,1,Tax and social support measures for people affected by the DANA in Valencia in 2024,False,2,False,False,685,2,0,0,0,1,,True,False,"2024,2025",0,0,0,0,0,,0,0,0,0,0,1,0,LegalService,False,,False,0,False,False,False
en,10659,https://delaguialuzon.com/en/blog/new-requirements-tourist-rentals-valencian-community/,2025-11-21,200,New Tourist Rental Rules in Valencia: Decree Law 9/2024,55,False,False,145,False,True,0,1,Decree Law 9/2024: New Restrictions and Requirements for Tourist Rentals in the Valencian Community,True,1,False,False,653,2,0,0,0,2,,False,False,2024,2,0,1,0,0,,0,0,0,0,0,5,0,LegalService,False,,False,0,False,False,False
en,11136,https://delaguialuzon.com/en/blog/urgent-measures-dana-valencia-2024/,2025-11-21,200,Urgent DANA Measures 2024: Employment Protection Valencia,57,False,False,142,False,True,0,1,Urgent measures for the protection of employment and social security in light of the damage caused by the DANA in Valencia,False,2,False,False,996,2,0,1,0,1,,True,False,"2023,2024,2025",0,0,0,0,0,,0,0,0,0,0,2,0,LegalService,False,,False,0,False,False,False
en,10351,https://delaguialuzon.com/en/blog/eidas-authentication/,2026-08-10,200,eIDAS authentication in Spain: 2026 expat guide,47,False,False,121,False,True,0,1,eIDAS regulation: simplifying tax formalities for EU citizens in Spain,False,10,False,False,2050,2,0,0,0,1,,False,False,"2024,2026",6,0,1,0,0,,0,0,0,3,1,4,0,LegalService|WebPage|BreadcrumbList|BlogPosting|Service|FAQPage|LegalService,True,,True,10,False,False,False
en,9995,https://delaguialuzon.com/en/blog/establish-holding-company-in-spain/,2026-08-25,200,Holding Company in Spain: Tax Benefits for 2026,47,False,False,145,False,True,0,1,Establishing a holding company in Spain: Tax optimisation or risk of scrutiny?,False,7,False,False,1630,2,0,1,0,1,,False,False,,11,0,1,0,0,,0,0,0,0,0,0,0,LegalService,False,,False,0,False,False,False
en,8357,https://delaguialuzon.com/en/blog/startup-financing-strategies/,2026-08-10,200,Financing a startup in Spain: 2026 funding guide,48,False,False,155,False,True,0,1,Financing strategies for startups: the keys to obtaining the capital you need,False,12,False,False,2054,2,0,0,0,1,,False,False,"2022,2024,2026",5,0,1,0,0,,0,0,0,3,1,6,0,LegalService|WebPage|BreadcrumbList|BlogPosting|Service|FAQPage|LegalService,True,,True,10,False,False,False
en,8126,https://delaguialuzon.com/en/blog/indefinite-hiring-program-youth/,2026-09-12,200,Youth hiring programme in Valencia 2026: subsidies guide,56,False,False,136,False,True,0,1,Program to promote the permanent hiring of qualified young people in the Valencian Community,False,12,False,False,2341,2,0,0,0,1,,False,False,"2021,2022,2023,2024,2025,2026",4,0,2,0,0,,0,0,0,3,2,1,0,LegalService|WebSite|ImageObject|WebPage|BreadcrumbList|BlogPosting|Service|FAQPage|LegalService,True,Organization,False,10,False,False,False
en,8130,https://delaguialuzon.com/en/blog/subsidies-hiring-unemployed/,2026-09-12,200,Subsidies for Indefinite Hiring in Spain 2026,45,False,False,144,False,True,0,1,Subsidies for the indefinite hiring of unemployed people belonging to priority attention groups,False,13,False,False,2323,2,0,0,0,1,,False,False,"2021,2022,2024,2026",4,0,2,0,0,,0,0,0,3,2,1,0,LegalService|WebSite|ImageObject|WebPage|BreadcrumbList|BlogPosting|Service|FAQPage|LegalService,True,Organization,False,10,False,False,False
en,8398,https://delaguialuzon.com/en/blog/hire-accounting-advisor/,2026-04-29,200,Why You Need an Accountant in Spain for Your Business,53,False,False,145,False,True,0,1,Why is it essential to hire an accountant in Spain,False,5,False,False,601,2,0,9,0,1,,False,False,,5,0,0,0,0,,0,0,0,0,0,4,0,LegalService,False,,False,0,False,False,False
en,8552,https://delaguialuzon.com/en/blog/online-business/,2026-08-21,200,How to Start a Business in Spain 2026: Your Guide,49,False,False,143,False,True,0,1,How to start a business in Spain 2026: complete guide for foreign founders,False,11,False,False,1353,2,0,0,0,1,\bgenuinely\b,False,False,2026,12,0,1,0,0,,1,0,0,0,0,7,0,LegalService,False,,False,0,False,False,False
en,4173,https://delaguialuzon.com/en/blog/how-to-avoid-a-tax-inspection/,2026-04-23,200,How to Avoid Inspection | Tax Investigation Advisors Spain,58,False,True,132,False,True,0,1,How to avoid a tax inspection in Spain?,False,8,False,False,1159,2,0,1,0,1,\bdiscover\b,False,False,"2024,2026",20,0,4,0,0,,3,0,1,0,1,2,0,LegalService,False,,False,0,False,False,False
en,2869,https://delaguialuzon.com/en/blog/renting-property-in-spain/,2026-04-29,200,Top 10 Tips for Renting in Spain | How to Rent Your Porperty,60,False,True,134,False,True,0,1,Top 10 tips for renting out your property in Spain,False,10,False,False,2442,2,0,0,0,1,,False,False,"2011,2020,2023,2024,2025,2026",13,0,1,0,0,,0,0,0,0,2,9,0,LegalService,False,,False,0,False,False,False
en,2564,https://delaguialuzon.com/en/blog/becoming-self-employed-in-spain/,2026-09-12,200,Becoming self-employed in Spain 2026: autónomo guide,52,False,False,123,False,True,0,1,Becoming self-employed in Spain 2026: autónomo guide for foreigners,False,9,False,False,1074,2,0,0,0,1,,False,False,"2023,2026",10,0,1,0,0,,1,0,0,0,0,5,0,LegalService,False,,False,0,False,False,False
en,3452,https://delaguialuzon.com/en/blog/possible-elimination-golden-visa-spain/,2026-06-28,200,Spain Golden Visa Alternatives 2026: Best Residency Routes,58,False,False,111,False,True,0,1,Golden Visa in Spain is no longer available: Alternatives for residency,False,15,False,False,3903,2,0,1,0,1,\bgolden visa\b; \bdiscover\b,False,False,"2013,2020,2022,2023,2024,2025,2026",9,0,1,0,0,,1,0,0,2,2,2,0,LegalService|WebSite|ImageObject|WebPage|BreadcrumbList|BlogPosting|Service|FAQPage|LegalService,True,,True,10,False,False,False
en,1815,https://delaguialuzon.com/en/blog/legal-aspects-renting-in-valencia/,2026-06-28,200,Renting property in Valencia 2026: landlord & tenant rights,59,False,False,146,False,True,0,1,Legal aspects for renting in Valencia,False,14,False,False,4226,2,0,1,0,1,,False,False,"2021,2022,2023,2024,2025,2026",7,0,2,0,0,,2,0,0,2,2,5,0,LegalService|WebSite|ImageObject|WebPage|BreadcrumbList|BlogPosting|Service|FAQPage|LegalService,True,,True,10,False,False,False
en,991,https://delaguialuzon.com/en/blog/rent-your-flat-through-airbnb-in-valencia/,2026-08-25,200,Is Airbnb Legal in Valencia? Short-Term Rental Guide,52,False,False,140,False,True,0,1,Is it legal to rent your flat through Airbnb in Valencia?,False,7,False,False,1548,2,0,15,0,5,it is important to,False,False,"2024,2025,2026",8,0,0,0,0,,0,0,0,0,0,3,0,LegalService,False,,False,0,False,False,False
en,2738,https://delaguialuzon.com/en/blog/etve-corporate-tax-rate/,2026-08-25,200,ETVE Tax Regime Spain: Complete Guide for Holdings,50,False,False,143,False,True,0,1,Complete guide to the ETVE tax regime in Spain,False,10,False,False,1546,2,0,0,0,1,,False,False,"2020,2021,2026",17,0,1,0,0,,0,0,0,0,2,5,0,LegalService,False,,False,0,False,True,False
en,1563,https://delaguialuzon.com/en/blog/restructuration-of-companies-with-difficulties/,2025-11-20,200,Corporate Restructuring in Spain: Crisis Management Guide,57,False,False,147,False,True,0,1,Restructuration of companies with difficulties in Spain. Part 1: Handling the crisis with success,False,5,False,False,500,2,0,0,0,1,it is important to,False,False,,6,0,1,0,0,,0,0,0,0,0,1,0,LegalService,False,,False,0,False,False,False
en,2263,https://delaguialuzon.com/en/blog/right-to-digital-disconnection-and-holidays/,2025-11-20,200,Right to Digital Disconnection: Spanish Employment Law,54,False,False,139,False,True,0,1,Right to digital disconnection and holidays: Spanish employment law explained,False,6,False,False,855,2,0,0,0,1,,False,False,"2015,2018,2021",8,0,2,0,0,,0,0,0,0,0,2,0,LegalService,False,,False,0,False,False,False
en,4632,https://delaguialuzon.com/en/blog/new-upwards-of-mileage-kilometric-allowances/,2026-09-12,200,New Mileage Allowances in Spain 2026: €0.26/km tax-free rate,60,False,False,126,False,True,0,1,New mileage allowances in Spain,False,12,False,False,2267,2,0,0,0,1,,False,False,"2023,2024,2026",4,0,1,0,0,,0,0,0,3,2,4,0,LegalService|WebSite|ImageObject|WebPage|BreadcrumbList|BlogPosting|Service|FAQPage|LegalService,True,Organization,False,10,False,False,False
en,5146,https://delaguialuzon.com/en/blog/social-security-developments-for-cross-border-teleworkers/,2026-06-28,200,Cross-Border Teleworker Social Security in Spain | Guide,56,False,True,140,False,True,0,1,Social security developments for cross-border teleworkers in Spain,False,13,False,False,3953,2,0,7,0,1,\bstraightforward\b,False,False,"2020,2022,2023,2024,2025,2026",7,0,2,0,0,,2,0,0,2,2,3,1,LegalService|WebSite|ImageObject|WebPage|BreadcrumbList|BlogPosting|Service|FAQPage|LegalService,True,,True,10,False,False,False
en,4734,https://delaguialuzon.com/en/blog/housing-rights-spain/,2026-06-28,200,Spain Housing Law 2026: Landlord and Tenant Rights Explained,60,False,False,141,False,True,0,1,Spain’s housing rights revolution: What Act 12/2023 means for you,False,22,False,False,5115,2,0,2,0,1,,False,False,"2022,2023,2024,2025,2026",20,0,2,0,0,,3,0,0,2,5,5,2,LegalService|WebSite|ImageObject|WebPage|BreadcrumbList|BlogPosting|Service|FAQPage|LegalService,True,,True,10,False,False,False
en,2175,https://delaguialuzon.com/en/blog/fraud-by-false-non-residents/,2026-09-09,200,Non-Resident Income Tax in Spain 2026: Fraud Explained,54,False,False,146,False,True,0,1,Control of fraud by false non-residents,False,13,False,False,4028,2,0,10,0,1,,False,False,"2020,2021,2022,2023,2024,2025,2026",11,0,2,0,0,,1,0,0,3,2,2,0,LegalService|WebSite|ImageObject|WebPage|BreadcrumbList|BlogPosting|Service|FAQPage|LegalService,True,,True,10,False,False,False
en,2376,https://delaguialuzon.com/en/blog/setting-up-a-business-in-spain/,2026-04-29,200,Starting a Business in Spain: Key Points for Founders,53,False,False,148,False,True,0,1,Thinking of starting a business in Spain? Here’s what you need to know,False,3,False,False,634,2,0,2,0,1,it is important to,False,False,,9,0,1,0,0,,0,0,0,0,0,6,0,LegalService,False,,False,0,False,False,False
en,1664,https://delaguialuzon.com/en/blog/create-limited-company-in-spain/,2026-04-15,200,How to Open a Limited Company in Spain Fast and Legally,55,False,False,138,False,True,0,1,How to create a Limited Company in Spain,False,17,False,True,2606,2,0,0,0,1,\bgenuinely\b; \bstraightforward\b,False,False,2026,10,0,1,0,0,,2,0,2,0,2,2,0,LegalService,False,,False,0,False,False,False
en,4854,https://delaguialuzon.com/en/blog/find-good-accountant-spain/,2026-05-28,200,Accounting in Spain: How to Find the Best CPA or Gestor,55,False,False,143,False,True,0,1,How do you find a good gestor (accountant) in Spain?,False,11,False,False,1832,2,0,3,0,1,\bgolden visa\b,False,False,"2021,2022,2023,2024,2026",50,1,4,0,0,,4,0,2,5,1,8,0,LegalService,False,,False,0,False,False,False
en,3260,https://delaguialuzon.com/en/blog/types-taxes-spain/,2026-09-09,200,Spanish Tax Rates: Main Types of Taxes in Spain,47,False,False,133,False,True,0,1,What are the different types of taxes in Spain?,False,4,False,False,1031,2,0,0,0,2,it is important to,False,False,"2016,2020,2021,2024,2025",8,0,2,0,0,,0,0,0,0,0,2,0,LegalService,False,,False,0,False,False,False
en,5083,https://delaguialuzon.com/en/blog/everything-know-capital-gains-tax-property-spain/,2026-09-09,200,Property Capital Gains Tax in Spain: Complete Guide,51,False,False,132,False,True,0,1,Everything there is to know about property capital gains tax and inheritance tax in Spain,False,13,False,False,1513,2,0,4,0,1,,False,False,2026,13,0,2,0,0,,2,0,0,0,1,14,0,LegalService,False,,False,0,False,False,False
en,2618,https://delaguialuzon.com/en/blog/why-how-obtain-nie-in-spain/,2026-09-15,200,How to Obtain an NIE Number Spain: Your Full Guide,50,False,False,142,False,True,0,1,NIE number Spain: Complete 2026 guide for foreigners,False,7,False,False,1351,2,0,0,0,1,,False,False,"2020,2021",5,0,3,0,0,,1,0,0,0,0,2,0,LegalService,False,,False,0,False,False,False
en,4160,https://delaguialuzon.com/en/blog/self-employed-spain-reduce-your-taxes/,2026-04-29,200,Self-Employed in Spain | How to Reduce Your Taxes,49,False,True,141,False,True,0,1,Self-employed in Spain: How to reduce your taxes legally in 2026,False,13,False,False,2428,2,0,6,0,1,,False,False,"2023,2024,2025,2026",8,0,4,0,0,,1,0,0,0,6,7,0,LegalService,False,,False,0,False,False,False
en,4978,https://delaguialuzon.com/en/blog/legal-assistance-in-spain/,2026-04-29,200,Legal Assistance in Spain: Delaguía y Luzón Lawyers,51,False,False,144,False,True,0,1,Legal assistance in Spain for international individuals and businesses,False,5,False,False,1557,2,0,3,0,1,,False,False,"2023,2024,2025,2026",26,0,5,0,0,,2,0,2,4,1,8,0,LegalService,False,,False,0,False,False,False
en,649,https://delaguialuzon.com/en/blog/green-card-nie-and-tie/,2026-09-09,200,Green Card vs NIE vs TIE: Residency Documents Compared,54,False,False,144,False,True,0,1,"Differences between Green Card, NIE and TIE",True,4,False,False,848,2,0,0,0,1,,False,False,,7,0,1,0,0,,0,0,0,0,0,1,0,LegalService,False,,False,0,False,False,False
es,27823,https://delaguialuzon.com/blog/alquiler-de-infravivienda-en-valencia-riesgos-legales-y-como-actuar-2/,2026-09-25,200,Alquiler de infravivienda en Valencia: claves legales ⚖️,56,True,False,139,False,True,0,1,Alquiler de infravivienda en Valencia: riesgos legales y cómo actuar,False,7,False,False,1018,2,0,4,7,2,,False,True,2021,5,0,1,0,0,,0,0,0,0,1,1,0,LegalService,False,,False,0,False,False,False
es,27855,https://delaguialuzon.com/blog/autonomo-espana/,2026-09-30,200,"Hacerse autónomo en España: alta, cuotas y obligaciones",55,False,False,126,False,True,0,1,"Hacerse autónomo en España: alta, cuotas y obligaciones",False,11,False,False,1310,2,0,12,0,1,,False,False,"2023,2026",6,0,1,0,0,,0,0,0,0,2,5,0,LegalService,False,,False,0,False,False,False
es,23447,https://delaguialuzon.com/blog/alquiler-de-infravivienda-en-valencia/,2026-09-23,200,Alquiler de infravivienda en Valencia: claves legales ⚖️,56,True,False,139,False,True,0,1,Alquiler de infravivienda en Valencia: riesgos legales y cómo actuar,False,7,False,False,1055,2,0,0,8,2,,False,False,2021,5,0,1,0,0,,0,0,0,0,1,1,0,LegalService,False,,False,0,False,False,False
es,27755,https://delaguialuzon.com/blog/nie-en-espana-que-es-como-obtenerlo-y-para-que-lo-necesita/,2026-09-30,200,"NIE en España: qué es, cómo obtenerlo y requisitos",50,False,False,115,False,True,0,1,"NIE en España: qué es, cómo obtenerlo y para qué lo necesita",False,0,False,False,1,2,0,0,0,1,,False,False,,0,0,0,0,0,,0,0,0,0,0,0,0,LegalService,False,,False,0,False,False,False
es,27733,https://delaguialuzon.com/blog/contratar-trabajadores-en-espana/,2026-09-15,200,Contratar trabajadores en España: costes y obligaciones,55,False,False,116,False,True,0,1,"Contratar trabajadores en España: costes, contratos y obligaciones para empresas",False,12,False,False,1611,2,0,4,0,1,,False,False,"2015,2019,2021,2022,2023,2026",4,0,3,0,0,,0,0,0,0,3,4,0,LegalService,False,,False,0,False,False,False
es,27714,https://delaguialuzon.com/blog/modelo-210-guia-del-irnr-para-no-residentes-con-inmuebles-en-espana/,2026-09-15,200,Modelo 210: guía IRNR para no residentes en España,50,False,False,125,False,True,0,1,Modelo 210: guía del IRNR para no residentes con inmuebles en España,False,13,False,False,1943,2,0,0,0,1,,False,False,"2025,2026",4,0,1,0,0,,1,0,1,0,2,4,0,LegalService,False,,False,0,False,False,False
es,25941,https://delaguialuzon.com/blog/ley-de-segunda-oportunidad/,2026-08-27,200,Ley de segunda oportunidad: cancele sus deudas,46,False,False,136,False,True,0,1,Ley de segunda oportunidad: cómo cancelar sus deudas en 2026,False,0,False,False,1,2,0,0,0,3,,False,False,,0,0,0,0,0,,0,0,0,0,0,0,0,LegalService,False,,False,0,False,False,False
es,27209,https://delaguialuzon.com/blog/empadronamiento-espana/,2026-08-27,200,Empadronamiento en España: guía completa y documentos,53,False,False,139,False,True,0,1,"Empadronamiento en España: qué es, cómo hacerlo y documentos necesarios",False,12,False,False,1794,2,0,0,0,1,,False,False,2026,6,0,2,0,0,,0,0,0,0,3,5,0,LegalService,False,,False,0,False,False,False
es,27107,https://delaguialuzon.com/blog/visa-nomada-digital-en-espana-requisitos/,2026-09-12,200,Visa nómada digital en España: requisitos,41,False,False,125,False,True,0,1,Visa nómada digital en España: requisitos y cómo solicitarla,False,10,False,False,1516,2,0,0,0,1,\bgolden visa\b,False,False,"2013,2022,2023,2025,2026",9,0,2,0,0,,0,0,0,0,1,4,0,LegalService,False,,False,0,False,False,False
es,27026,https://delaguialuzon.com/blog/certificado-digital-en-espana-guia-fnmt-y-clave/,2026-08-13,200,Certificado digital en España: guía FNMT y Cl@ve,48,False,False,143,False,True,0,1,Certificado digital en España: guía FNMT y Cl@ve,False,0,False,False,1,2,0,0,0,1,,False,False,,0,0,0,0,0,,0,0,0,0,0,0,0,LegalService,False,,False,0,False,False,False
es,27020,https://delaguialuzon.com/blog/como-obtener-el-numero-de-la-seguridad-social/,2026-08-13,200,Número de la Seguridad Social en España: guía NUSS,50,False,False,138,False,True,0,1,Número de la Seguridad Social en España: cómo obtener el NUSS,False,0,False,False,1,2,0,0,0,1,,False,False,,0,0,0,0,0,,0,0,0,0,0,0,0,LegalService,False,,False,0,False,False,False
es,26737,https://delaguialuzon.com/blog/como-protegerse-del-control-de-hacienda/,2026-07-13,200,Cómo protegerse del control de Hacienda,39,False,False,131,False,True,0,1,El ‘Síndrome Van Gaal’ y la Ley Beckham: cómo protegerse del control de Hacienda en 2026,False,6,False,False,1703,2,0,1,0,1,es importante,False,False,2026,9,0,3,0,0,,0,0,0,0,1,1,0,LegalService,False,,False,0,False,False,False
es,25946,https://delaguialuzon.com/blog/concurso-de-acreedores/,2026-07-07,200,Concurso de acreedores para autónomos y pymes,45,False,False,129,False,True,0,1,Concurso de acreedores para autónomos y pymes: guía 2026,False,8,False,False,1142,2,0,0,0,3,es importante; \b6\d años de experiencia,False,False,"2022,2024,2026",5,0,3,0,0,,0,0,0,0,2,1,0,LegalService,False,,False,0,False,False,False
es,26290,https://delaguialuzon.com/blog/pisos-turisticos-en-valencia/,2026-08-25,200,Pisos turísticos en Valencia: nueva normativa 2026,50,False,False,133,False,True,0,1,Pisos turísticos en Valencia: nueva normativa 2026 (Decreto 9/2024),False,5,False,False,1064,2,0,0,0,1,\b6\d años de experiencia,False,False,"2018,2024,2026",2,0,2,0,0,,0,0,0,0,1,2,0,LegalService,False,,False,0,False,False,False
es,26306,https://delaguialuzon.com/blog/propiedad-horizontal-conflictos-comunidades/,2026-06-19,200,Propiedad horizontal: conflictos vecinales y soluciones,55,False,False,132,False,True,0,1,Propiedad horizontal: conflictos en comunidades de vecinos y cómo resolverlos,False,6,False,False,1078,2,0,0,0,2,\b6\d años de experiencia,False,False,2025,1,0,1,0,0,,0,0,0,0,1,1,0,LegalService,False,,False,0,False,False,False
es,25966,https://delaguialuzon.com/blog/renovacion-residencia-no-lucrativa-requisito/,2026-06-16,200,Renovación de la residencia no lucrativa,40,False,False,141,False,True,0,1,Renovación de la residencia no lucrativa: el nuevo requisito de 183 días (RD 1155/2024),False,0,False,False,1,2,0,0,0,1,,False,False,,0,0,0,0,0,,0,0,0,0,0,0,0,LegalService,False,,False,0,False,False,False
es,25908,https://delaguialuzon.com/blog/ley-beckham/,2026-09-12,200,Ley Beckham en España: requisitos y ventajas,44,False,False,143,False,True,0,1,Ley Beckham en España: guía completa,False,6,False,False,1051,2,0,2,0,5,es importante; \b6\d años de experiencia,False,False,"2022,2023,2026",3,0,1,0,0,,0,0,0,0,1,3,0,LegalService,False,,False,0,False,False,False
es,25913,https://delaguialuzon.com/blog/salario-minimo-interprofesional/,2026-06-12,200,Salario mínimo interprofesional: cuantía y novedades,52,False,False,152,False,True,0,1,"Salario mínimo interprofesional 2026: cuantía, pagas y a quién afecta",False,0,False,False,1,2,0,0,0,5,,False,False,,0,0,0,0,0,,0,0,0,0,0,0,0,LegalService,False,,False,0,False,False,False
es,25881,https://delaguialuzon.com/blog/impuesto-sucesiones-comunidad-valenciana/,2026-09-30,200,Impuesto de sucesiones en Valencia: bonificación del 99%,56,False,False,124,False,True,0,1,Impuesto de sucesiones en la Comunidad Valenciana: guía 2026,False,9,False,False,1767,2,0,0,0,1,\b6\d años de experiencia,False,False,"2014,2023,2025,2026",6,0,3,0,0,,0,0,0,0,1,3,0,LegalService,False,,False,0,False,False,False
es,25449,https://delaguialuzon.com/blog/impatriados-en-espana/,2026-06-02,200,Impatriados en España: Ley Beckham y fiscalidad,47,False,False,159,False,True,0,1,Impatriados en España: lo que Hacienda espera que sepas antes de volver,False,0,False,False,1,2,0,0,0,2,,False,False,,0,0,0,0,0,,0,0,0,0,0,0,0,LegalService,False,,False,0,False,False,False
es,16402,https://delaguialuzon.com/blog/sucesion-internacional-espana/,2026-06-10,200,Caso de éxito: sucesión internacional en España,47,False,False,143,False,True,0,1,Sucesión internacional en España: caso de éxito de una familia belga con bienes muebles e inmuebles,False,10,False,False,968,2,0,1,5,2,,False,False,"2012,2014",11,0,8,0,0,,0,0,0,0,1,1,0,LegalService,False,,False,0,False,False,False
es,24717,https://delaguialuzon.com/blog/ayudas-autonomos/,2026-06-02,200,Ayudas para autónomos 2026: guía completa | Delaguía & Luzón,60,False,True,113,False,True,0,1,"Ayudas para autónomos en 2026: qué está en vigor, qué viene y cómo aprovecharlo",False,0,False,False,1,2,0,0,0,5,,False,False,,0,0,0,0,0,,0,0,0,0,0,0,0,LegalService,False,,False,0,False,False,False
es,24609,https://delaguialuzon.com/blog/como-mudarse-a-espana-desde-latinoamerica/,2026-06-02,200,Cómo mudarse a España desde Latinoamérica: guía jurídica,56,False,False,148,False,True,0,1,Cómo mudarse a España desde Latinoamérica: guía jurídica paso a paso,False,0,False,False,1,2,0,0,0,2,,False,False,,0,0,0,0,0,,0,0,0,0,0,0,0,LegalService,False,,False,0,False,False,False
es,4564,https://delaguialuzon.com/blog/el-modelo-720/,2026-09-29,200,Modelo 720 en España: obligaciones y sanciones,46,False,False,144,False,True,0,1,Todo lo que necesitas saber sobre el Modelo 720 en España,False,6,False,False,766,2,0,0,0,1,,False,False,"2022,2024,2025",1,0,0,0,0,,0,0,0,1,0,3,0,LegalService,False,,False,0,False,False,False
es,4663,https://delaguialuzon.com/blog/declaracion-de-la-renta/,2026-10-01,200,Declaración de la Renta en Valencia: campaña 2026 cerrada,57,False,False,142,False,True,0,1,Declaración de la Renta 2025 en Valencia: campaña cerrada y qué hacer ahora,False,0,False,False,1,2,0,0,0,2,,False,False,,0,0,0,0,0,,0,0,0,0,0,0,0,LegalService,False,,False,0,False,False,False
es,21398,https://delaguialuzon.com/blog/regularizacion-extraordinaria/,2026-10-01,200,"Regularización 2026 en España: plazo cerrado, ¿qué hacer?",57,False,False,138,False,True,0,1,"Regularización extraordinaria en España: el plazo del 30 de junio de 2026 ha terminado, ¿y ahora qué?",False,0,False,False,1,2,0,0,0,1,,False,False,,0,0,0,0,0,,0,0,0,0,0,0,0,LegalService,False,,False,0,False,False,False
es,23448,https://delaguialuzon.com/blog/entrevista-gonzalo-gomez/,2026-04-20,200,Entrevista a Gonzalo Gómez Luzón: trayectoria y visión,54,False,False,139,False,True,0,1,Entrevista a Gonzalo Gómez Luzón: trayectoria y visión del asesoramiento jurídico en Valencia,False,4,False,False,575,2,0,0,7,2,,False,False,2015,4,0,2,0,0,,1,0,0,0,0,1,0,LegalService,False,,False,0,False,False,False
es,23219,https://delaguialuzon.com/blog/alquiler-infravivienda-valencia/,2026-04-14,200,Alquiler de infravivienda en Valencia: claves legales,53,False,False,139,False,True,0,1,Alquiler de infravivienda en Valencia: riesgos legales y cómo actuar,False,7,False,False,1054,2,0,0,7,2,,False,False,2021,5,0,1,0,0,,1,0,1,0,1,1,0,LegalService,False,,False,0,False,False,False
es,22820,https://delaguialuzon.com/blog/responsabilidad-administradores-insolvencia/,2026-04-24,200,Responsabilidad de administradores en insolvencia,49,False,False,146,False,True,0,1,Responsabilidad de los administradores en insolvencia empresarial: cómo proteger el patrimonio personal,False,8,False,False,1347,2,0,0,10,3,,False,False,,12,0,1,0,0,,0,0,0,0,1,1,0,LegalService,False,,False,0,False,False,False
es,22670,https://delaguialuzon.com/blog/exencion-iva-autonomos/,2026-05-18,200,Exención de IVA para autónomos en España 2026,45,False,False,133,False,True,0,1,Exención de IVA para autónomos en España: por qué no se aplica el umbral de 85.000 euros,False,8,False,False,1709,2,0,2,9,2,,False,False,"2020,2026",11,0,3,0,0,,1,0,1,0,3,1,0,LegalService,False,,False,0,False,False,False
es,22509,https://delaguialuzon.com/blog/licencia-turistica/,2026-03-26,200,Licencia turística en Valencia: requisitos legales,50,False,False,128,False,True,0,1,Licencia turística en Valencia: requisitos legales y gestión para inversores,False,6,False,False,1217,2,0,0,8,2,,False,False,2024,13,0,1,0,0,,1,0,1,0,1,3,0,LegalService,False,,False,0,False,False,False
es,22166,https://delaguialuzon.com/blog/inspeccion-de-trabajo/,2026-06-18,200,Inspección de trabajo en España: guía preventiva,48,False,False,130,False,True,0,1,Inspección de trabajo en España: cómo preparar su empresa ante una visita,False,6,False,False,1193,2,0,0,7,3,,False,False,,11,0,1,0,0,,1,0,1,0,1,4,0,LegalService,False,,False,0,False,False,False
es,21973,https://delaguialuzon.com/blog/despido-improcedente/,2026-06-11,200,Despido improcedente 2026: cuánto cobro y cómo reclamarlo,57,False,False,145,False,True,0,1,"Despido improcedente: asesoramiento legal, indemnización y cálculo",False,0,False,False,1,2,0,0,0,3,,False,False,,0,0,0,0,0,,0,0,0,0,0,0,0,LegalService,False,,False,0,False,False,False
es,21954,https://delaguialuzon.com/blog/asesoramiento-empresa-familiar/,2026-03-10,200,Empresa familiar en España: protocolo y sucesión,48,False,False,145,False,True,0,1,Asesoramiento en empresa familiar: protocolo y planificación sucesoria,False,6,False,False,1439,2,0,3,9,2,,False,False,2026,12,0,1,0,0,,2,0,2,0,1,2,0,LegalService,False,,False,0,False,False,False
es,21779,https://delaguialuzon.com/blog/cumplimiento-normativo/,2026-02-24,200,Cumplimiento normativo empresarial: compliance penal,52,False,False,134,False,True,0,1,Blindaje Penal Corporativo y Cumplimiento Normativo,False,5,False,False,1051,2,0,0,6,4,,False,False,,9,0,1,0,0,,0,0,0,0,0,2,0,LegalService,False,,False,0,False,False,False
es,20962,https://delaguialuzon.com/blog/asesoramiento-legal/,2026-02-19,200,Asesoramiento legal para alta dirección en 2026,47,False,False,147,False,True,0,1,Asesoramiento legal en la alta dirección: errores críticos en reorganizaciones y contratos,False,5,False,False,1015,2,0,0,6,5,,False,False,,8,0,1,0,0,,0,0,0,0,0,0,0,LegalService,False,,False,0,False,False,False
es,21113,https://delaguialuzon.com/blog/responsabilidad-de-administradores/,2026-04-08,200,Responsabilidad de administradores: concepto y tipos,52,False,False,135,False,True,0,1,Responsabilidad de administradores: concepto y tipos,False,8,False,False,1113,2,0,0,6,7,,False,False,,7,0,2,0,0,,0,0,0,0,0,0,0,LegalService,False,,False,0,False,False,False
es,20930,https://delaguialuzon.com/blog/teletrabajo-internacional/,2026-07-07,200,Teletrabajo internacional 2026: doble imposición y riesgos,58,False,False,143,False,True,0,1,Teletrabajo internacional y desplazamientos: cómo evitar la doble imposición y los riesgos laborales de su plantilla global,False,4,False,False,852,2,0,0,6,5,,False,False,,7,0,1,0,0,,0,0,0,0,0,0,0,LegalService,False,,False,0,False,False,False
es,20829,https://delaguialuzon.com/blog/estrategia-y-costes-laborables/,2026-07-07,200,Control y prevención en la estrategia y costes laborables,57,False,False,150,False,True,0,1,"Estrategia y costes laborables: control, cumplimiento y prevención de riesgos",False,5,False,False,930,2,0,0,6,5,,False,False,,6,0,1,0,0,,0,0,0,0,0,0,0,LegalService,False,,False,0,False,False,False
es,20610,https://delaguialuzon.com/blog/inversion-inmobiliaria-en-espana/,2026-04-29,200,Inversión inmobiliaria en España para no residentes,51,False,False,149,False,True,0,1,Inversión inmobiliaria en España: control legal y fiscal,False,6,False,False,1235,2,0,0,6,5,,False,False,,9,0,1,0,0,,0,0,0,0,0,0,0,LegalService,False,,False,0,False,False,False
es,20627,https://delaguialuzon.com/blog/franquicias-en-espana/,2026-01-09,200,Franquicias en España: contrato y due diligence,47,False,False,157,False,True,0,1,Franquicias en España: asesoramiento legal para una expansión segura,False,6,False,False,1369,2,0,0,6,5,,False,False,,7,0,1,0,0,,0,0,0,0,0,0,0,LegalService,False,,False,0,False,False,False
es,20603,https://delaguialuzon.com/blog/inversion-extranjera-en-espana/,2026-04-29,200,Inversión extranjera en España: aspectos legales,48,False,False,157,False,True,0,1,Inversión extranjera en España: estructuras legales y fiscales para proyectos empresariales sólidos,False,9,False,False,1511,2,0,0,6,4,\bgolden visa\b,False,False,"2010,2013,2022",15,0,1,0,0,,0,0,0,0,0,1,0,LegalService,False,,False,0,False,False,False
es,20694,https://delaguialuzon.com/blog/planificacion-fiscal/,2026-04-29,200,Planificación fiscal empresarial: control y eficiencia,54,False,False,145,False,True,0,1,Planificación fiscal: control del riesgo y eficiencia fiscal empresarial,False,7,False,False,1209,2,0,0,9,2,es importante,False,False,2026,10,0,1,0,0,,0,0,0,0,0,0,0,LegalService,False,,False,0,False,False,False
es,20515,https://delaguialuzon.com/blog/optimizacion-fiscal-en-espana/,2026-08-27,200,Optimización fiscal en España 2026: claves para la renta,56,False,False,132,False,True,0,1,Optimización fiscal en España en 2026: claves esenciales para la planificación de la renta,False,10,False,False,2891,2,0,32,5,2,\b6\d años de experiencia,False,False,"2022,2023,2024,2025,2026",14,0,1,0,0,,2,0,2,0,1,9,0,LegalService,False,,False,0,False,False,False
es,20243,https://delaguialuzon.com/blog/herencias-internacionales/,2026-06-10,200,Herencias internacionales en España 2026,40,False,False,142,False,True,0,1,Herencias internacionales: planificación sucesoria sin riesgos fiscales,False,6,False,False,1022,2,0,0,6,9,es importante,False,False,2012,12,0,1,0,0,,0,0,0,0,0,0,0,LegalService,False,,False,0,False,False,False
es,18894,https://delaguialuzon.com/blog/gestion-laboral-estrategica/,2026-04-29,200,Gestión laboral estratégica: costes y prevención de litigios,60,False,False,149,False,True,0,1,Gestión laboral estratégica: optimización de costes y prevención de litigios,False,7,True,False,1432,2,0,0,6,2,es importante,False,False,,12,0,3,0,0,,0,0,0,0,0,0,0,LegalService,False,,False,0,False,False,False
es,18685,https://delaguialuzon.com/blog/proteccion-datos-empresas/,2026-08-27,200,Protección de datos en empresas: RGPD y LOPDGDD,47,False,False,132,False,True,0,1,Protección de datos en empresas: la clave para evitar multas RGPD y ganar confianza,False,8,True,False,1331,2,0,2,6,2,,False,False,,18,0,4,0,0,,0,0,0,0,0,1,0,LegalService,False,,False,0,False,False,False
es,2314,https://delaguialuzon.com/blog/inspeccion-fiscal-en-espana/,2026-08-27,200,Cómo evitar una inspección fiscal en España,43,False,False,143,False,True,0,1,¿Cómo evitar una inspección fiscal?,False,4,False,False,861,2,0,4,5,2,es importante,False,False,,4,0,1,0,0,,0,0,0,0,0,3,0,LegalService,False,,False,0,False,False,False
es,18198,https://delaguialuzon.com/blog/reestructuracion-empresarial/,2026-05-28,200,Reestructuración empresarial en Valencia: derecho concursal,59,False,False,141,False,True,0,1,Reestructuración empresarial: estrategias para la supervivencia y el crecimiento,False,8,False,False,1324,2,0,4,10,3,,False,False,2022,11,0,1,0,0,,0,0,0,0,1,0,0,LegalService,False,,False,0,False,False,False
es,18116,https://delaguialuzon.com/blog/asesoramiento-fiscal/,2026-09-29,200,Asesoramiento fiscal internacional en España para empresas,58,False,False,151,False,True,0,1,Asesoramiento fiscal internacional en España: Claves para invertir con éxito,False,6,False,False,953,2,0,0,5,5,,False,False,2026,10,0,1,0,0,,0,0,0,0,0,0,0,LegalService,False,,False,0,False,False,False
es,17394,https://delaguialuzon.com/blog/implantacion-espana/,2026-01-29,200,Caso de éxito: implantación en España de multinacional tech,59,False,False,152,False,True,0,1,Caso de éxito: implantación en España de una multinacional tecnológica con acompañamiento jurídico integral,False,6,False,False,768,2,0,0,0,4,,False,False,2010,3,0,1,0,0,,0,0,0,0,0,2,0,LegalService,False,,False,0,False,False,False
es,16665,https://delaguialuzon.com/blog/aumento-permiso-conciliacion-familiar/,2026-04-20,200,Aumento del permiso de conciliación familiar en España,54,False,False,131,False,True,0,1,Aumento del permiso de conciliación familiar,False,4,False,False,510,2,0,0,0,3,es importante,False,False,,1,0,0,0,0,,0,0,0,0,0,3,0,LegalService,False,,False,0,False,False,False
es,16608,https://delaguialuzon.com/blog/calendario-laboral-2026/,2026-09-16,200,Festivos Valencia 2026: calendario laboral y puentes,52,False,False,137,False,True,0,1,"Calendario laboral 2026 Valencia: festivos, puentes y guía oficial",False,4,False,False,1629,2,0,0,0,2,,True,False,"2025,2026",6,0,1,0,0,,1,0,0,0,0,4,0,FAQPage|LegalService,True,,False,6,False,False,False
es,15812,https://delaguialuzon.com/blog/iva-apartamentos-turisticos/,2026-08-25,200,IVA en apartamentos turísticos: cuándo y cuánto se paga,55,False,False,146,False,True,0,1,IVA en apartamentos turísticos: todo lo que debes saber si eres propietario,False,8,False,False,1909,2,0,11,11,2,es importante,False,False,"2024,2025",11,0,1,0,0,,0,0,0,0,2,3,0,LegalService,False,,False,0,False,False,False
es,15648,https://delaguialuzon.com/blog/alquileres-corta-duracion/,2025-11-25,200,Alquileres de corta duración en España: nueva normativa,55,False,False,133,False,True,0,1,Nueva normativa para alquileres de corta duración en España: ¿qué cambia a partir del 1 de julio de 2025?,False,7,False,False,790,2,0,0,0,1,,False,False,"2024,2025",5,0,2,0,0,,0,0,0,0,0,5,0,LegalService,False,,False,0,False,False,False
es,15221,https://delaguialuzon.com/blog/fernando-savater-valencia/,2025-11-25,200,Encuentro con Fernando Savater en Valencia,42,False,False,140,False,True,0,1,Encuentro con Fernando Savater en la Universitat de València,False,2,False,False,344,2,0,3,0,1,,False,False,,1,0,1,0,0,,0,0,0,0,0,0,0,LegalService,False,,False,0,False,False,False
es,11921,https://delaguialuzon.com/blog/entrevista-gonzalo-gomez-luzon/,2025-11-21,200,Entrevista a Gonzalo Gómez: 65 aniversario Delaguía y Luzón,59,False,False,146,False,True,0,1,Entrevista a Gonzalo Gómez Luzón por el 65.º aniversario de Delaguía y Luzón,False,10,False,False,975,2,0,0,0,1,,False,False,"2015,2025",3,0,0,0,0,,0,0,0,0,0,0,0,LegalService,False,,False,0,False,False,False
es,14344,https://delaguialuzon.com/blog/elegir-estructura-legal-startup/,2026-04-30,200,Cómo elegir la estructura legal de una startup en España,56,False,False,154,False,True,0,1,Cómo elegir la estructura legal de una startup en España,False,4,False,False,606,2,0,0,0,2,,False,False,,7,0,0,0,0,,0,0,0,0,0,15,0,LegalService,False,,False,0,False,False,False
es,13716,https://delaguialuzon.com/blog/derechos-laborales-extranjeros-en-espana/,2026-06-25,200,Derechos laborales de trabajadores extranjeros en España,56,False,False,140,False,True,0,1,Derechos laborales de los trabajadores extranjeros en España,False,9,True,False,1228,2,0,0,0,1,es importante,False,False,"2015,2025",8,0,1,0,0,,0,0,0,0,0,2,0,LegalService,False,,False,0,False,False,False
es,13730,https://delaguialuzon.com/blog/sentencia-tribunal-supremo-pisos-turisticos/,2025-11-25,200,Sentencia Tribunal Supremo sobre pisos turísticos,49,False,False,140,False,True,0,1,Sentencia del Tribunal Supremo sobre pisos turísticos: ¿qué cambia para las comunidades?,False,5,False,False,957,2,0,0,0,1,,False,False,,5,0,0,0,0,,0,0,0,0,0,3,0,FAQPage|LegalService,True,,False,8,False,False,False
es,13529,https://delaguialuzon.com/blog/herencias-en-espana/,2026-06-02,200,"Herencias en España 2026: impuestos, trámites y plazos",54,False,False,142,False,True,0,1,La sucesión en España: normativa aplicable,False,5,True,False,931,2,0,0,0,1,es importante,False,False,2012,4,0,0,0,0,,0,0,0,0,0,8,0,LegalService,False,,False,0,False,False,False
es,12947,https://delaguialuzon.com/blog/invertir-en-espana/,2025-11-25,200,Invertir en España: oportunidades para inversores,49,False,False,143,False,True,0,1,Invertir en España: oportunidades para inversores,False,5,False,False,1034,2,0,4,0,1,\bgolden visa\b,False,False,"2024,2025",9,0,0,0,0,,0,0,0,0,0,3,0,LegalService,False,,False,0,False,False,False
es,12758,https://delaguialuzon.com/blog/registro-jornada-obligatorio/,2025-11-25,200,Registro de jornada obligatorio en España 2025,46,False,False,138,False,True,0,1,Registro de jornada obligatorio en 2025,False,5,False,False,593,2,0,0,0,1,,False,False,"2019,2025",2,0,1,0,0,,0,0,0,0,0,5,0,LegalService,False,,False,0,False,False,False
es,11904,https://delaguialuzon.com/blog/65-aniversario-delaguia-luzon/,2025-11-21,200,Delaguía y Luzón celebra su 65.º aniversario,44,False,False,145,False,True,0,1,Delaguía y Luzón cumple 65 años,False,0,False,False,173,2,0,0,0,1,,False,False,2025,1,0,0,0,0,,0,0,0,0,0,0,0,LegalService,False,,False,0,False,False,False
es,11788,https://delaguialuzon.com/blog/declarar-criptomonedas/,2026-04-29,200,"Criptomonedas en España: declarar, invertir y operar",52,False,False,134,False,True,0,1,"Criptomonedas y negocios en España: declarar, invertir y operar con criptomonedas",False,5,False,False,551,2,0,0,0,1,,False,False,2024,6,0,0,0,0,,0,0,0,0,0,2,0,LegalService,False,,False,0,False,False,False
es,10893,https://delaguialuzon.com/blog/medidas-apoyo-afectados-dana-2024/,2025-11-25,200,Medidas de apoyo personas afectadas DANA Valencia 2024,54,False,False,155,False,True,0,1,Medidas de apoyo fiscal y social para las personas afectadas por la DANA en Valencia en 2024,False,2,False,False,1427,2,0,4,0,1,,True,False,"2024,2025",0,0,0,0,0,,0,0,0,0,0,4,0,LegalService,False,,False,0,False,False,False
es,10615,https://delaguialuzon.com/blog/decreto-viviendas-turisticas-cv/,2025-11-25,200,Decreto Ley 9/2024: viviendas turísticas en la CV,49,False,False,155,False,True,0,1,Decreto Ley 9/2024 del Consell: nuevas restricciones y exigencias para viviendas de uso turístico en la Comunidad Valenciana,False,3,False,False,768,2,0,0,0,1,,False,False,2024,4,0,0,0,0,,0,0,0,0,0,5,0,LegalService,False,,False,0,False,False,False
es,11121,https://delaguialuzon.com/blog/medidas-urgentes-dana-valencia-2024/,2025-11-25,200,DANA Valencia 2024: medidas de empleo y seguridad,49,False,False,145,False,True,0,1,Medidas urgentes para la protección del empleo y la seguridad social ante los daños causados por la DANA en Valencia,False,2,False,False,794,2,0,0,0,1,,True,False,"2023,2024,2025",0,0,0,0,0,,0,0,0,0,0,3,0,LegalService,False,,False,0,False,False,False
es,10318,https://delaguialuzon.com/blog/autenticacion-eidas/,2025-11-25,200,Autenticación eIDAS: trámites fiscales en España,48,False,False,134,False,True,0,1,La autenticación eIDAS: simplificando trámites fiscales para ciudadanos de la UE en España,False,2,False,False,781,2,0,0,0,1,,False,False,2024,1,0,3,0,0,,0,0,0,0,0,2,0,LegalService,False,,False,0,False,False,False
es,9988,https://delaguialuzon.com/blog/establishing-a-holding-company-in-spain-tax-optimization-or-risk-of-scrutiny-what-international-investors-need-to-know/,2024-10-29,200,Holding Company in Spain: Tax Benefits for 2026,47,False,False,145,False,False,0,1,Establishing a holding company in Spain: Tax optimisation or risk of scrutiny?,False,7,False,False,1630,2,0,1,0,1,,False,False,,11,0,1,0,0,,0,0,0,0,0,0,0,LegalService,False,,False,0,False,False,False
es,7708,https://delaguialuzon.com/blog/estrategias-financiacion-startups/,2026-01-29,200,Estrategias de financiación para startups en España,51,False,False,145,False,True,0,1,Estrategias de financiación para startups: las claves para obtener el capital que necesitas,False,6,False,False,829,2,0,0,0,2,,False,False,,2,0,0,0,0,,0,0,0,0,0,6,0,LegalService,False,,False,0,False,False,False
es,7816,https://delaguialuzon.com/blog/programa-contratacion-indefinida-jovenes/,2025-11-25,200,Programa contratación indefinida jóvenes en la CV,49,False,False,148,False,True,0,1,Programa de fomento de la contratación indefinida de personas jóvenes cualificadas en el ámbito de la Comunidad Valenciana,False,5,False,False,256,2,0,0,0,1,,False,False,2024,0,0,0,0,0,,0,0,0,0,0,1,0,LegalService,False,,False,0,False,False,False
es,7885,https://delaguialuzon.com/blog/subvenciones-contratacion-desempleados/,2025-11-25,200,Subvenciones contratación indefinida CV ECOVUL 2024,51,False,False,150,False,True,0,1,"Subvenciones para la contratación indefinida de personas desempleadas pertenecientes a colectivos de atención prioritaria para el empleo en el ámbito de la Comunidad Valenciana, ECOVUL 2024",False,5,False,False,372,2,0,0,0,1,,False,False,2024,1,0,0,0,0,,0,0,0,0,0,2,0,LegalService,False,,False,0,False,False,False
es,7717,https://delaguialuzon.com/blog/contratar-asesor-contable/,2026-05-28,200,Por qué contratar un asesor contable en España,46,False,False,145,False,True,0,1,¿Por qué es imprescindible contratar un asesor contable?,False,5,False,False,805,2,0,0,0,3,,False,False,,2,0,0,0,0,,0,0,0,0,0,2,0,LegalService,False,,False,0,False,False,False
es,8179,https://delaguialuzon.com/blog/negocio-online/,2025-11-26,200,Montar un negocio online en España: guía práctica,49,False,False,146,False,True,0,1,Montar un negocio online en España: todo lo que necesitas saber,False,8,False,False,1256,2,0,0,0,1,,False,False,,5,0,0,0,0,,0,0,0,0,0,2,0,LegalService,False,,False,0,False,False,False
es,2485,https://delaguialuzon.com/blog/eliminacion-golden-visas-en-espana/,2026-04-02,200,Golden visa en España: eliminación y situación actual,53,False,False,150,False,True,0,1,Golden visas en España: eliminación y situación actual,False,11,False,False,1346,2,0,0,8,2,,False,False,"2013,2025",11,0,1,0,0,,1,0,1,0,1,1,0,LegalService,False,,False,0,False,False,False
es,907,https://delaguialuzon.com/blog/alquilar-tu-piso-airbnb-en-valencia/,2026-04-23,200,Airbnb en Valencia: requisitos legales y normativa,50,False,False,142,False,True,0,1,¿Es legal alquilar tu piso a través de Airbnb en Valencia?,False,11,False,False,1304,2,0,2,12,4,,False,False,,6,0,1,0,0,,0,0,0,0,1,5,0,LegalService,False,,False,0,False,False,False
es,2353,https://delaguialuzon.com/blog/desconexion-digital/,2025-11-26,200,Derecho a la desconexión digital y vacaciones,45,False,False,143,False,True,0,1,Derecho a la desconexión digital y vacaciones,False,2,False,False,468,2,0,0,0,1,,False,False,"2015,2018,2021",1,0,0,0,0,,0,0,0,1,0,2,0,LegalService,False,,False,0,False,False,False
es,4626,https://delaguialuzon.com/blog/nueva-revision-de-dietas-y-asignaciones-para-gastos-de-locomocion/,2025-11-21,200,Dietas y gastos de locomoción: nueva revisión,45,False,False,148,False,True,0,1,Nueva revisión de dietas y asignaciones para gastos de locomoción,False,1,False,False,146,2,0,0,0,1,,False,False,2023,0,0,0,0,0,,0,0,0,0,0,0,0,LegalService,False,,False,0,False,False,False
es,4781,https://delaguialuzon.com/blog/novedades-en-materia-de-seguridad-social-de-los-teletrabajadores-transfronterizos/,2025-11-26,200,Seguridad social para teletrabajadores transfronterizos,55,False,False,148,False,True,0,1,Novedades en materia de seguridad social de los teletrabajadores transfronterizos,False,2,False,False,243,2,0,0,0,1,,False,False,2023,0,0,0,0,0,,0,0,0,0,0,2,0,LegalService,False,,False,0,False,False,False
es,4757,https://delaguialuzon.com/blog/ley-12-2023-de-24-de-mayo-por-el-derecho-a-la-vivienda/,2025-11-26,200,Ley vivienda 2023 en España: Ley 12/2023 explicada,50,False,False,144,False,True,0,1,"Ley 12/2023, del 24 de mayo, por el derecho a la vivienda",False,3,False,False,715,2,0,0,0,1,,True,False,2023,0,0,0,0,0,,0,0,0,0,0,5,0,LegalService,False,,False,0,False,False,False
es,2162,https://delaguialuzon.com/blog/control-fraude-falsos-no-residentes/,2025-11-26,200,Control del fraude de los falsos no residentes en España,56,False,False,143,False,True,0,1,Control del fraude de los falsos no residentes,False,8,False,False,1129,2,0,0,0,1,,False,False,2023,2,0,0,0,0,,0,0,0,0,0,1,0,LegalService,False,,False,0,False,False,False
es,4652,https://delaguialuzon.com/blog/recordatorio-modelo-720/,2026-04-29,200,Modelo 720 en España 2026: bienes en el extranjero,50,False,False,136,False,True,0,1,"Modelo 720 en España en 2026: obligaciones, sanciones y claves para declarar bienes en el extranjero",False,9,False,False,1094,2,0,4,0,4,,False,False,2026,12,0,0,0,0,,0,0,0,0,0,1,0,LegalService,False,,False,0,False,False,False
es,636,https://delaguialuzon.com/blog/rebaja-de-rentas-para-negocios/,2026-04-20,200,Incentivos fiscales: rebaja de rentas para negocios,51,False,False,145,False,True,0,1,Incentivos fiscales para fomentar acuerdos de rebaja de la renta arrendaticia,False,6,False,False,794,3,1,0,0,1,,False,False,"2020,2021,2022",0,0,0,0,0,,0,0,0,0,0,2,0,LegalService,False,,False,0,False,False,False
fr,27316,https://delaguialuzon.com/fr/blog/regroupement-familial-espagne-2/,2026-09-16,200,Regroupement familial en Espagne: conditions et démarches,57,False,False,127,False,True,0,1,Regroupement familial en Espagne : comment faire venir sa famille,False,10,False,False,1198,2,0,0,0,1,\bce guide\b,False,True,"2024,2025",9,0,1,0,0,,1,0,0,0,1,5,0,LegalService,False,,False,0,False,False,False
fr,27692,https://delaguialuzon.com/fr/blog/sinstaller-en-espagne-depuis-letranger-les-demarches-des-90-premiers-jours/,2026-09-15,200,S'installer en Espagne : guide des 90 premiers jours,52,False,False,118,False,True,0,1,S’installer en Espagne depuis l’étranger: les démarches des 90 premiers jours,False,14,False,False,3840,2,0,12,0,1,dans le cadre de,False,False,"2011,2014,2021,2022,2023,2024,2026",12,0,2,0,0,,3,0,0,0,4,7,0,LegalService,False,,False,0,False,False,False
fr,27322,https://delaguialuzon.com/fr/blog/residence-mariage-citoyen-espagnol/,2026-09-15,200,Mariage avec un citoyen espagnol : résidence en Espagne,55,False,False,115,False,True,0,1,Résidence par mariage avec un citoyen espagnol: ce qu’il faut savoir,False,13,False,False,1877,2,0,0,0,1,\bce guide\b,False,False,2021,1,0,1,0,0,,2,0,0,0,1,5,0,LegalService,False,,False,0,False,False,False
fr,27307,https://delaguialuzon.com/fr/blog/residence-en-espagne-voies-acces/,2026-09-30,200,Résidence en Espagne: les 7 voies pour s'installer,50,False,False,146,False,True,0,1,Résidence en Espagne : les différentes voies d’accès,False,19,False,False,2417,2,0,0,0,1,\bgolden visa\b; \bce guide\b,False,False,"2011,2020,2022,2024,2025,2026",6,0,3,0,0,,3,0,0,0,1,7,0,LegalService,False,,False,0,False,False,False
fr,27310,https://delaguialuzon.com/fr/blog/divorce-espagne-expatries/,2026-09-15,200,Divorce en Espagne pour les expatriés: questions spécifiques,60,False,False,129,False,True,0,1,Divorce en Espagne pour les expatriés: garde d’enfants et partage des biens,False,7,False,False,1317,2,0,6,0,1,\bce guide\b; dans le cadre de,False,False,2019,2,0,9,0,0,,2,0,0,0,1,7,0,LegalService,False,,False,0,False,False,False
fr,27325,https://delaguialuzon.com/fr/blog/calendrier-fiscal-espagnol/,2026-09-30,200,Calendrier fiscal espagnol : échéances mois par mois,52,False,False,129,False,True,0,1,Calendrier fiscal espagnol : toutes les échéances pour résidents et expatriés,False,9,True,False,2180,2,0,18,0,1,\bce guide\b; dans le cadre de,False,False,"2025,2026",15,0,1,0,0,,1,0,0,4,0,15,0,LegalService,False,,False,0,False,False,False
fr,26760,https://delaguialuzon.com/fr/blog/comment-se-proteger-face-au-fisc-espagnol/,2026-09-12,200,Comment se protéger face au fisc espagnol,41,False,False,139,False,True,0,1,Le « Syndrome Van Gaal » et la loi Beckham en Espagne : comment se protéger face au fisc espagnol en 2026,False,6,False,False,1869,2,0,1,0,1,\bce guide\b; \bchez dela ?gu[ií]a,False,False,2026,9,0,2,0,0,,0,0,0,0,1,1,0,LegalService,False,,False,0,False,False,False
fr,26678,https://delaguialuzon.com/fr/blog/assurance-sante-privee-espagne-expatries/,2026-09-18,200,Assurance santé privée en Espagne : guide expatriés,51,False,False,131,False,True,0,1,"L’assurance santé privée en Espagne pour expatriés : coûts, assureurs et exigences de visa",False,0,False,False,1,2,0,0,0,1,,False,False,,0,0,0,0,0,,0,0,0,0,0,0,0,LegalService,False,,False,0,False,False,False
fr,25840,https://delaguialuzon.com/fr/blog/cotisations-autonomos-2026-baremes-reta/,2026-09-15,200,Cotisations autónomos 2026 en Espagne | RETA,44,False,True,137,False,True,0,1,"Cotisations autonomos 2026 en Espagne : 15 tranches RETA, tarifa plana 80 €, régularisation TGSS",False,0,False,False,1,2,0,0,0,4,,True,False,,0,0,0,0,0,,0,0,0,0,0,0,0,LegalService,False,,False,0,False,False,False
fr,26023,https://delaguialuzon.com/fr/blog/renouvellement-titre-sejour-non-lucratif/,2026-06-17,200,Renouvellement du titre de séjour non lucratif.,47,False,False,139,False,True,0,1,Renouvellement du titre de séjour non lucratif : la nouvelle condition des 183 jours (RD 1155/2024),False,0,False,False,1,2,0,0,0,2,,False,False,,0,0,0,0,0,,0,0,0,0,0,0,0,LegalService,False,,False,0,False,False,False
fr,25839,https://delaguialuzon.com/fr/blog/convention-fiscale-franco-espagnole/,2026-09-12,200,Convention fiscale franco-espagnole 2026 | Delaguía & Luzón,59,False,True,153,False,True,0,1,"Convention fiscale franco-espagnole 2026 : résidence, double imposition et crédit d’impôt",False,0,False,False,1,2,0,0,0,4,,False,False,,0,0,0,0,0,,0,0,0,0,0,0,0,LegalService,False,,False,0,False,False,False
fr,16694,https://delaguialuzon.com/fr/blog/conge-parental-en-espagne/,2026-06-02,200,Congé parental en Espagne : 19 semaines (décret 9/2025),55,False,False,142,False,True,0,1,Congé parental en Espagne : ce qui change vraiment en 2025-2026,False,0,False,False,1,2,0,0,0,1,,False,False,,0,0,0,0,0,,0,0,0,0,0,0,0,LegalService,False,,False,0,False,False,False
fr,25663,https://delaguialuzon.com/fr/blog/visa-nomade-digital-espagne/,2026-09-18,200,Visa nomade digital Espagne 2026 : guide complet DNV,52,False,False,145,False,True,0,1,"Visa nomade digital espagnol (DNV) 2026 : guide complet pour francophones, conditions et régime Beckham étendu",False,0,False,False,1,2,0,0,0,1,,False,False,,0,0,0,0,0,,0,0,0,0,0,0,0,LegalService,False,,False,0,False,False,False
fr,25653,https://delaguialuzon.com/fr/blog/reforme-itp-communaute-valencienne/,2026-09-18,200,Réforme ITP Communauté valencienne 2026 : taux à 9 %,52,False,False,144,False,True,0,1,"Réforme de l’ITP en Communauté valencienne 2026 : taux à 9 %, Loi 5/2025 et Modelo 600",False,0,False,False,1,2,0,0,0,5,,False,False,,0,0,0,0,0,,0,0,0,0,0,0,0,Article|FAQPage|BreadcrumbList|LegalService|LegalService,True,Organization,True,10,False,False,False
fr,24989,https://delaguialuzon.com/fr/blog/hebergements-touristiques-valence/,2026-05-08,200,Hébergements touristiques Valence 2026 | Delaguía & Luzón,57,False,True,151,False,False,0,1,Nouvelles règles applicables aux hébergements touristiques à Valence (2026) : ce qu’il faut retenir,False,0,False,False,1,2,0,0,0,14,,False,False,,0,0,0,0,0,,0,0,0,0,0,0,0,LegalService,False,,False,0,False,False,False
fr,16140,https://delaguialuzon.com/fr/blog/succession-internationale-espagne/,2026-09-14,200,Succession internationale en Espagne : étude de cas belge,57,False,False,145,False,True,0,1,Succession internationale en Espagne : le cas concret d’une famille belge,False,2,False,False,1453,2,0,1,0,2,,False,False,2012,11,0,1,0,0,,0,0,0,0,0,3,0,LegalService,False,,False,0,False,False,False
fr,24773,https://delaguialuzon.com/fr/blog/aides-aux-travailleurs-independants/,2026-05-08,200,Aides aux travailleurs indépendants: guide complet,50,False,False,129,False,True,0,1,"Aides aux travailleurs indépendants en 2026 : ce qui est en vigueur, ce qui change et comment en profiter",False,0,False,False,1,2,0,0,0,2,,False,False,,0,0,0,0,0,,0,0,0,0,0,0,0,LegalService,False,,False,0,False,False,False
fr,888,https://delaguialuzon.com/fr/blog/loi-beckham-regime-fiscal/,2026-09-12,200,Loi Beckham : régime fiscal avantageux pour étrangers,53,False,False,154,False,True,0,1,Loi Beckham : tout savoir sur ce régime fiscal créé pour les étrangers,False,14,False,False,2335,2,0,1,0,4,,False,False,"2010,2022,2023,2024",7,0,3,0,0,,0,0,0,0,2,14,0,LegalService,False,,False,0,False,False,False
fr,2678,https://delaguialuzon.com/fr/blog/tout-savoir-sur-le-modelo-720/,2026-04-24,200,Modelo 720 en Espagne : tout savoir sur la déclaration,54,False,False,150,False,True,0,1,Tout savoir sur le « Modelo 720 »,False,7,False,False,1642,2,0,1,0,4,,False,False,"2022,2023,2024,2025,2026",7,0,1,0,0,,0,0,0,0,1,7,0,LegalService,False,,False,0,False,False,False
fr,2186,https://delaguialuzon.com/fr/blog/reduction-dimpots-autonomos/,2026-05-06,200,Auto-entrepreneur Espagne : réduire ses impôts en 2026,54,False,False,128,False,True,0,1,Auto-entrepreneur en Espagne : comment réduire vos impôts ?,False,7,True,False,1617,2,0,0,0,3,\bce guide\b; il est important de; dans le cadre de,False,False,2023,5,0,2,0,0,,0,0,0,0,1,9,0,LegalService,False,,False,0,False,False,False
fr,4580,https://delaguialuzon.com/fr/blog/impots-sur-le-revenu-en-espagne/,2026-10-01,200,Impôt sur le revenu en Espagne : barème IRPF 2026,49,False,False,137,False,True,0,1,"Impôt sur le revenu en Espagne : barème IRPF, déclaration et comparaison avec la France",False,0,False,False,1,2,0,0,0,1,,False,False,,0,0,0,0,0,,0,0,0,0,0,0,0,LegalService,False,,False,0,False,False,False
fr,21471,https://delaguialuzon.com/fr/blog/regularisation-exceptionnelle-etrangers-espagne/,2026-09-30,200,"Régularisation 2026 en Espagne : délai clos, que faire ?",56,False,False,143,False,True,0,1,"Régularisation exceptionnelle en Espagne : le délai du 30 juin 2026 est clos, et maintenant ?",False,0,False,False,1,2,0,0,0,1,,False,False,,0,0,0,0,0,,0,0,0,0,0,0,0,LegalService,False,,False,0,False,False,False
fr,3247,https://delaguialuzon.com/fr/blog/acheter-maison-communaute-valencienne/,2026-08-24,200,Acheter une maison dans la Communauté valencienne,49,False,False,145,False,True,0,1,"Acheter une maison en Communauté valencienne 2026 : 7 raisons, ITP réformé et rentabilité",False,10,False,False,1611,2,0,0,0,4,,False,False,"2025,2026",10,0,2,0,0,,0,0,0,0,0,2,0,LegalService,False,,False,0,False,False,False
fr,897,https://delaguialuzon.com/fr/blog/frais-donation-immobilier-espagne/,2026-04-30,200,Frais de donation d'un bien immobilier en Espagne,49,False,False,151,False,True,0,1,Quels frais se rapportent à la donation d’un bien immobilier en Espagne ?,False,7,False,False,1940,2,0,2,0,3,,False,False,2015,14,0,0,0,0,,1,0,0,0,1,12,0,LegalService,False,,False,0,False,False,False
fr,2573,https://delaguialuzon.com/fr/blog/declarer-impots-espagne/,2026-06-29,200,Déclarer les impôts en Espagne : guide expatriés français,57,False,False,122,False,True,0,1,Expatriés français : comment bien déclarer les impôts en Espagne,False,8,False,False,1405,2,0,0,0,3,,False,False,"2014,2015,2016,2026",13,0,0,0,0,,1,0,0,0,1,7,0,LegalService,False,,False,0,False,False,False
fr,20558,https://delaguialuzon.com/fr/blog/optimisation-fiscale-en-espagne/,2026-04-30,200,Optimisation fiscale en Espagne en 2026 : guide complet,55,False,False,140,False,True,0,1,Optimisation fiscale en Espagne 2026 : clés essentielles pour la planification de l’impôt sur le revenu,False,11,False,True,2265,2,0,21,6,3,\b6\d ans d'expérience,False,False,"2014,2022,2023,2024,2025,2026",25,0,4,0,0,,10,0,10,4,3,5,0,LegalService,False,,False,0,False,False,False
fr,20166,https://delaguialuzon.com/fr/blog/ouvrir-un-compte-en-banque-en-espagne/,2026-05-28,200,Ouvrir un compte bancaire en Espagne 2026 : non-résident,56,False,False,153,False,True,0,1,Comment ouvrir un compte en banque en Espagne en tant que non-résident ?,False,13,False,False,2976,2,0,32,0,5,,False,False,"2010,2012,2014,2018,2022,2025,2026",26,0,20,0,0,,36,0,36,2,7,3,0,LegalService,False,,False,0,False,False,False
fr,19975,https://delaguialuzon.com/fr/blog/impot-sur-la-fortune-en-espagne/,2026-04-30,200,Impôt sur la fortune en Espagne : stratégies non-résidents,58,False,False,150,False,True,0,1,L’impôt sur la fortune en Espagne: stratégies patrimoniales gagnantes pour les non-résidents,False,9,False,False,2717,2,0,29,9,1,\bchez dela ?gu[ií]a,False,False,"2021,2022,2023,2024,2025,2026",33,0,4,0,0,,0,0,0,5,0,8,0,LegalService,False,,False,0,False,False,False
fr,18814,https://delaguialuzon.com/fr/blog/restructuration-entreprise-espagne/,2026-05-28,200,Restructuration d'entreprise en Espagne : les points clés,57,False,False,148,False,True,0,1,"Restructuration d’entreprise en Espagne 2026 : Ley 16/2022, plan préventif et insolvabilité",False,11,False,False,2091,2,0,4,0,13,,False,False,"2019,2022",1,0,1,0,0,,16,0,14,1,0,16,0,LegalService,False,,False,0,False,False,False
fr,2297,https://delaguialuzon.com/fr/blog/controle-fiscal-en-espagne/,2026-04-30,200,Contrôle fiscal en Espagne : comment l'éviter efficacement,58,False,False,140,False,True,0,1,Comment éviter un contrôle fiscal en Espagne ?,False,7,False,False,1321,2,0,2,3,4,\bchez dela ?gu[ií]a,False,False,"2020,2024,2025",7,0,5,0,0,,0,0,0,5,0,8,0,LegalService,False,,False,0,False,False,False
fr,18283,https://delaguialuzon.com/fr/blog/audit-immobilier-en-espagne/,2026-04-14,200,Audit immobilier en Espagne : sécuriser votre achat,51,False,False,142,False,True,0,1,Audit immobilier en Espagne : sécuriser vos investissements fonciers et immobiliers,False,13,True,False,1336,2,0,1,3,4,,False,False,"2013,2021",11,0,0,0,0,,0,0,0,0,0,0,0,LegalService,False,,False,0,False,False,False
fr,2286,https://delaguialuzon.com/fr/blog/tout-savoir-de-limpot-sur-la-plus-value-immobiliere-en-espagne/,2026-09-18,200,Impôt sur la plus-value immobilière en Espagne : guide vente,60,False,False,137,False,True,0,1,Plus-value immobilière en Espagne : tout ce que vous devez savoir avant de vendre,False,0,False,False,1,2,0,0,0,2,,False,False,,0,0,0,0,0,,0,0,0,0,0,0,0,LegalService,False,,False,0,False,False,False
fr,4555,https://delaguialuzon.com/fr/blog/sci-en-espagne/,2026-04-16,200,Société civile immobilière (SCI) en Espagne : constitution,58,False,False,151,False,True,0,1,Constitution d’une Société Civile Immobilière (SCI) en Espagne,False,10,False,False,1925,2,0,13,0,3,,False,False,"2016,2023,2024",26,0,6,0,0,,16,0,16,5,3,6,0,LegalService,False,,False,0,False,False,False
fr,2030,https://delaguialuzon.com/fr/blog/trouver-un-avocat-parlant-francais-a-valencia/,2026-04-30,200,Avocat francophone à Valencia : Delaguía y Luzón,48,False,False,159,False,True,0,1,Comment trouver un avocat parlant français à Valencia ?,False,7,False,False,1611,2,0,4,0,9,,False,False,2012,16,0,0,0,0,,0,0,0,0,0,0,0,LegalService,False,,False,0,False,False,False
fr,17410,https://delaguialuzon.com/fr/blog/audit-de-contrats-commerciaux/,2026-04-17,200,Audit de contrats commerciaux en Espagne : guide expert,55,False,False,149,False,True,0,1,Audit de contrats commerciaux en Espagne : sécurisez vos partenariats avant qu’il ne soit trop tard,False,9,False,False,2871,2,0,31,4,6,,False,False,"2010,2018,2019,2023,2024,2025",15,0,3,0,0,,28,0,28,3,4,2,0,LegalService,False,,False,0,False,False,False
fr,16177,https://delaguialuzon.com/fr/blog/indemnite-licenciement-injustifie/,2026-04-21,200,Licenciement injustifié en Espagne : calcul et droits,53,False,False,150,False,True,0,1,"Licenciement injustifié en Espagne : indemnité, comparaison France et délais de recours",False,7,False,False,1465,2,0,0,0,4,dans le cadre de,False,False,"2012,2024",7,0,3,0,0,,0,0,0,0,1,2,0,LegalService,False,,False,0,False,False,False
fr,15895,https://delaguialuzon.com/fr/blog/tva-sur-les-locations-touristiques-en-espagne/,2026-04-30,200,TVA sur les locations touristiques : guide propriétaires,56,False,False,145,False,True,0,1,"TVA sur les locations touristiques en Espagne, tout ce que vous devez savoir si vous êtes propriétaire",False,9,False,False,2706,2,0,25,6,4,\bce guide\b,False,False,"2012,2021,2023,2024,2025,2026",31,0,5,0,0,,0,0,0,4,0,5,0,LegalService,False,,False,0,False,False,False
fr,15720,https://delaguialuzon.com/fr/blog/locations-courte-duree-espagne/,2026-09-30,200,Location courte durée en Espagne 2026 : règles et registre,58,False,False,150,False,True,0,1,Location courte durée en Espagne en 2026 : règlement européen et fin du registre unique,False,0,False,False,1,2,0,0,0,1,,False,False,,0,0,0,0,0,,0,0,0,0,0,0,0,LegalService,False,,False,0,False,False,False
fr,15202,https://delaguialuzon.com/fr/blog/creation-franchise-espagne/,2026-09-15,200,Créer une franchise en Espagne : guide complet,46,False,False,146,False,True,0,1,"Comment créer une franchise en Espagne : étapes, statut juridique et financement",False,0,False,False,1,2,0,0,0,2,,False,False,,0,0,0,0,0,,0,0,0,0,0,0,0,LegalService,False,,False,0,False,False,False
fr,13644,https://delaguialuzon.com/fr/blog/entretien-gonzalo-gomez-luzon/,2026-04-14,200,Entretien avec Gonzalo Gómez Luzón : 65e anniversaire,53,False,False,138,False,False,0,1,Entretien avec Gonzalo Gómez Luzón à l’occasion du 65e anniversaire de Delaguía & Luzón,False,10,False,False,1051,2,0,0,0,3,,False,False,2015,3,0,1,0,0,,0,0,0,0,0,0,0,LegalService,False,,False,0,False,False,False
fr,14416,https://delaguialuzon.com/fr/blog/creer-une-startup-en-espagne/,2026-04-23,200,Créer une startup en Espagne : statuts juridiques adaptés,57,False,False,151,False,True,0,1,"Créer une startup en Espagne : statut juridique, Ley 28/2022 et guide complet 2026",False,11,False,False,3337,2,0,32,0,4,\bce guide\b,False,False,"2022,2023,2024,2025,2026",10,0,21,0,0,,0,0,0,6,3,6,0,LegalService,False,,False,0,False,False,False
fr,14405,https://delaguialuzon.com/fr/blog/heritage-en-espagne/,2026-05-26,200,"Héritage en Espagne 2026 : succession, ISD et démarches",55,False,False,136,False,True,0,1,Héritage en Espagne : guide pour les héritiers francophones,False,1,False,False,3113,3,1,0,0,1,\bce guide\b,False,False,"2012,2021,2023",0,0,0,0,0,,0,0,0,0,0,0,0,FAQPage|LegalService,True,,False,6,False,False,False
fr,13923,https://delaguialuzon.com/fr/blog/droits-du-travail-des-etrangers-en-espagne/,2026-04-17,200,Droits du travail des étrangers en Espagne en 2026,50,False,False,140,False,True,0,1,Droits des travailleurs étrangers en Espagne,False,15,False,False,3018,2,0,23,0,4,\bdécouvrez\b,False,False,"2011,2013,2015,2022,2024,2025,2026",24,0,10,0,0,,1,0,1,3,2,10,0,LegalService,False,,False,0,False,False,False
fr,13762,https://delaguialuzon.com/fr/blog/logements-touristiques-en-espagne/,2026-04-14,200,Logements touristiques en Espagne : arrêt Cour suprême,54,False,False,139,False,True,0,1,Décision de la Cour suprême à propos des logements touristiques en Espagne : quels changements pour les copropriétés ?,False,8,False,False,1079,2,0,1,0,2,,False,False,2025,6,0,2,0,0,,0,0,0,3,0,5,0,FAQPage|LegalService,True,,False,8,False,False,False
fr,13539,https://delaguialuzon.com/fr/blog/heritages-internationaux-en-espagne/,2026-04-29,200,Héritages internationaux en Espagne : réglementation UE,55,False,False,151,False,True,0,1,Réglementation applicable pour les héritages internationaux en Espagne,False,9,False,False,4725,2,0,36,5,3,,False,False,"2012,2014,2015,2018,2019,2022,2023,2025",13,0,0,0,0,,24,0,24,4,4,8,0,LegalService,False,,False,0,False,False,False
fr,13243,https://delaguialuzon.com/fr/blog/salaire-minimum-interprofessionnel-2025/,2026-10-01,200,SMIC en Espagne 2026 : 1 221 €/mois et calcul horaire,53,False,False,142,False,True,0,1,SMI en Espagne 2026 : 1 221 € bruts par mois (Décret royal 126/2026),False,4,True,False,231,2,0,0,0,1,,True,False,"2025,2026",1,0,0,0,0,,0,0,0,0,0,3,0,LegalService,False,,False,0,False,False,False
fr,12930,https://delaguialuzon.com/fr/blog/investir-en-espagne/,2026-07-01,200,"Investir en Espagne : immobilier, entreprises et fiscalité",58,False,False,152,False,True,0,1,"Investir en Espagne en 2026 : immobilier, finance, entreprise, le panorama complet",False,4,True,False,1517,2,0,1,0,2,\bgolden visa\b; \bce guide\b,False,False,"2013,2024",11,0,1,0,0,,0,0,0,0,0,10,0,LegalService,False,,False,0,False,False,False
fr,11969,https://delaguialuzon.com/fr/blog/65e-anniversaire-delaguia-luzon/,2025-07-31,200,Delaguía y Luzón célèbre son 65e anniversaire,45,False,False,157,False,True,0,1,Delaguía & Luzón fête son 65e anniversaire,False,0,False,False,170,2,0,0,0,5,,False,False,2025,1,0,0,0,0,,0,0,0,0,0,0,0,LegalService,False,,False,0,False,False,False
fr,11817,https://delaguialuzon.com/fr/blog/cryptomonnaies-et-entreprises-en-espagne/,2026-09-12,200,Cryptomonnaies et entreprises en Espagne : enjeux clés,54,False,False,157,False,True,0,1,"Cryptomonnaies et entreprises en Espagne 2026 : Modelo 721, MiCA, DAC8, le guide complet",False,5,True,False,645,2,0,0,0,2,,False,False,,2,0,0,0,0,,0,0,0,0,0,2,0,LegalService,False,,False,0,False,False,False
fr,11051,https://delaguialuzon.com/fr/blog/mesures-soutien-dana-2024-valence/,2026-04-20,200,Mesures pour les victimes de la DANA à Valence en 2024,54,False,False,152,False,True,0,1,Mesures fiscales et sociales pour les victimes de la DANA à Valence en 2024,False,2,False,False,953,2,0,0,0,1,,True,False,"2024,2025",0,0,0,0,0,,0,0,0,0,0,1,0,LegalService,False,,False,0,False,False,False
fr,10629,https://delaguialuzon.com/fr/blog/decret-logements-touristiques-communaute-valencienne/,2026-05-11,200,Décret 9/2024 : logements touristiques à Valence,48,False,False,149,False,True,0,1,"Logements touristiques Communauté Valencienne 2026 : Décret 9/2024, NRA et règlement UE",False,0,False,False,741,2,0,0,0,2,\bchez dela ?gu[ií]a,False,False,2024,3,0,0,0,0,,0,0,0,0,0,5,0,LegalService,False,,False,0,False,False,False
fr,11137,https://delaguialuzon.com/fr/blog/mesures-urgentes-dana-valencia-2024/,2026-09-12,200,Mesures DANA 2024 : protection emploi et Sécurité sociale,57,False,False,153,False,True,0,1,Mesures urgentes pour la protection de l’emploi et de la Sécurité sociale à la lumière des dommages causés par la DANA à Valence,False,2,False,False,677,2,0,0,0,1,,True,False,"2023,2024,2025",9,0,0,0,0,,0,0,0,0,0,2,0,LegalService,False,,False,0,False,False,False
fr,10335,https://delaguialuzon.com/fr/blog/reglement-eidas/,2026-05-28,200,Règlement eIDAS : simplification fiscale pour expatriés UE,58,False,False,146,False,True,0,1,Règlement eIDAS 2.0 et EUDI Wallet 2026 : l’identité numérique européenne en Espagne,False,2,False,False,762,2,0,0,0,1,,False,False,2024,4,0,3,0,0,,0,0,0,0,0,2,0,LegalService,False,,False,0,False,False,False
fr,10023,https://delaguialuzon.com/fr/blog/constituer-societe-holding-en-espagne/,2026-04-30,200,Société holding en Espagne : optimisation fiscale et risques,60,False,False,146,False,True,0,1,Constituer une société holding en Espagne : optimisation fiscale ou risque de contrôle fiscal ?,False,8,False,False,3765,2,0,27,11,3,,False,False,"2014,2015,2021,2022,2024,2025,2026",18,0,0,0,0,,0,0,0,7,4,4,0,LegalService,False,,False,0,False,False,False
fr,8655,https://delaguialuzon.com/fr/blog/travailler-en-espagne-en-tant-que-francais/,2026-09-12,200,Travailler en Espagne en 2026 : guide francophone,49,False,False,146,False,True,0,1,Travailler en Espagne en 2026 : guide pour francophones,False,12,False,False,3581,2,0,33,27,2,,False,False,"2011,2012,2018,2019,2021,2022,2023,2024,2025,2026",17,0,10,0,0,,0,0,0,6,4,3,0,LegalService,False,,False,0,False,False,False
fr,8615,https://delaguialuzon.com/fr/blog/declarer-crypto-en-espagne/,2026-05-28,200,Déclarer les cryptomonnaies en Espagne : fiscalité,50,False,False,149,False,True,0,1,"Déclarer ses cryptomonnaies en Espagne 2026 : IRPF, Modelo 721, DAC8 et sanctions",False,6,False,False,944,2,0,2,5,2,\bchez dela ?gu[ií]a; il est important de,False,False,"2024,2025",13,5,0,0,0,,0,0,0,0,0,2,0,LegalService,False,,False,0,False,False,False
fr,7650,https://delaguialuzon.com/fr/blog/couts-securite-sociale/,2026-04-13,200,Coûts de la Sécurité sociale en Espagne : enjeu entreprises,59,False,False,149,False,True,0,1,Les coûts de la Sécurité sociale : un enjeu pour les entreprises espagnoles,False,7,False,False,957,2,0,0,0,2,\bdécouvrez\b,False,False,,6,0,0,0,0,,0,0,0,0,0,2,0,LegalService,False,,False,0,False,False,False
fr,8361,https://delaguialuzon.com/fr/blog/strategies-financement-startups/,2026-04-13,200,Financement des start-ups en Espagne : stratégies gagnantes,59,False,False,148,False,True,0,1,Stratégies de financement pour les start-ups : les clés pour obtenir les capitaux dont vous avez besoin,False,6,False,False,889,2,0,0,0,2,\bchez dela ?gu[ií]a,False,False,,2,0,0,0,0,,0,0,0,0,0,6,0,LegalService,False,,False,0,False,False,False
fr,7837,https://delaguialuzon.com/fr/blog/aide-embauche-jeunes/,2026-04-13,200,Embauche des jeunes qualifiés en Communauté valencienne,55,False,False,147,False,True,0,1,Programme de promotion de l’embauche à durée indéterminée de jeunes qualifiés dans la Communauté Valencienne,False,5,False,False,257,2,0,0,0,1,,False,False,2024,2,0,0,0,0,,0,0,0,0,0,1,0,LegalService,False,,False,0,False,False,False
fr,7911,https://delaguialuzon.com/fr/blog/subventions-embauche-personnes-chomage/,2026-04-13,200,Subventions à l'embauche en Communauté valencienne : ECOVUL,59,False,False,140,False,True,0,1,"Subventions pour l’embauche indéfinie de personnes au chômage appartenant a des groupes prioritaires pour l’emploi en Communauté Valencienne, ECOVUL 2024",False,6,False,False,1371,2,0,16,0,2,\bchez dela ?gu[ií]a,False,False,"2012,2023,2025,2026",10,0,3,0,0,,3,0,3,2,1,5,0,LegalService,False,,False,0,False,False,False
fr,8402,https://delaguialuzon.com/fr/blog/engager-comptable-valencia/,2026-05-28,200,Engager un comptable à Valencia pour vos besoins fiscaux,56,False,False,155,False,True,0,1,"Comptable qualifié à Valence 2026 : Verifactu, e-facture B2B et obligations comptables",False,9,False,False,1162,2,0,0,0,4,,False,False,,6,0,0,0,0,,0,0,0,0,0,3,0,LegalService,False,,False,0,False,False,False
fr,7335,https://delaguialuzon.com/fr/blog/crowdfunding-immobilier-espagne/,2026-05-28,200,Crowdfunding immobilier en Espagne : investir collectivement,60,False,False,153,False,True,0,1,"Crowdfunding immobilier en Espagne 2026 : règlement ECSP, plateformes CNMV et fiscalité",False,9,False,False,836,2,0,0,0,1,,False,False,,2,0,1,0,0,,0,0,0,0,0,4,0,LegalService,False,,False,0,False,False,False
fr,6658,https://delaguialuzon.com/fr/blog/business-en-ligne/,2026-09-15,200,Lancer un business en ligne en Espagne : guide complet,54,False,False,152,False,True,0,1,Lancer un business en ligne en Espagne : l’essentiel à savoir,False,9,False,False,3631,2,0,8,0,7,\bdécouvrez\b,False,False,,36,1,0,0,0,,5,0,5,0,0,1,0,LegalService,False,,False,0,False,False,False
fr,4796,https://delaguialuzon.com/fr/blog/fiscalite-retraite-espagne/,2026-07-07,200,Fiscalité de la retraite en Espagne : pensions et IRPF,54,False,False,155,False,True,0,1,Fiscalité de la retraite en Espagne : guide pour les expatriés et investisseurs,False,10,False,False,1654,2,0,6,3,5,\bchez dela ?gu[ií]a; il est important de,False,False,,24,0,0,0,0,,0,0,0,0,0,7,0,LegalService,False,,False,0,False,False,False
fr,4343,https://delaguialuzon.com/fr/blog/successions-donations-changements-valencia/,2026-04-13,200,Successions et donations à Valence : bonification ISD 99 %,58,False,False,158,False,True,0,1,Améliorations introduites dans la communauté valencienne concernant l’impôt sur les successions et les donations,False,8,False,False,1725,2,0,22,3,2,,False,False,"2014,2023,2025,2026",16,0,4,0,0,,0,0,0,1,0,7,0,LegalService,False,,False,0,False,False,False
fr,2823,https://delaguialuzon.com/fr/blog/location-bien-immobilier-espagne/,2026-05-28,200,Louer un bien immobilier en Espagne : nos 10 conseils clés,58,False,False,146,False,True,0,1,"Mettre en location un bien en Espagne 2026 : 10 conseils, loi 12/2023 et fiscalité",False,10,False,False,1402,2,0,1,4,3,il est important de,False,False,,7,0,0,0,0,,0,0,0,0,0,11,0,LegalService,False,,False,0,False,False,False
fr,3455,https://delaguialuzon.com/fr/blog/suppression-golden-visas-espagne/,2026-07-01,200,Suppression du Golden Visa en Espagne : alternatives 2026,57,False,False,150,False,True,0,1,La suppression du Golden Visa en Espagne : ce que vous devez savoir,False,7,False,False,1424,2,0,0,0,3,\bgolden visa\b; il est important de,False,False,"2013,2023,2025",7,0,0,0,0,,1,0,0,0,1,3,0,LegalService,False,,False,0,False,False,False
fr,1819,https://delaguialuzon.com/fr/blog/louer-a-valence/,2026-04-17,200,Aspects juridiques de la location à Valence,43,False,False,144,False,True,0,1,Les aspects juridiques liés à la location à Valence,False,15,False,False,2390,2,0,4,0,4,\bce guide\b,False,False,"2024,2025,2026",18,1,3,0,0,,0,0,0,0,2,5,0,LegalService,False,,False,0,False,False,False
fr,1130,https://delaguialuzon.com/fr/blog/location-airbnb-a-valence/,2026-04-30,200,Airbnb à Valence : la location est-elle légale ?,48,False,False,149,False,True,0,1,La location d’un appartement sur Airbnb à Valence est-elle autorisée par la loi ?,False,5,True,False,1503,2,0,0,0,2,,False,False,2018,15,0,0,0,0,,0,0,0,0,0,0,0,LegalService,False,,False,0,False,False,False
fr,2781,https://delaguialuzon.com/fr/blog/tout-savoir-sur-le-teletravail-en-espagne/,2026-07-01,200,Télétravail en Espagne : guide pour travailler à distance,57,False,False,160,False,True,0,1,Tout savoir sur le télétravail en Espagne,False,7,False,False,1536,2,0,0,5,1,,False,False,"2020,2021,2023,2024",19,0,13,0,0,,0,0,0,3,0,9,0,LegalService,False,,False,0,False,False,False
fr,2645,https://delaguialuzon.com/fr/blog/la-fiscalite-espagnole-tout-savoir-avant-de-s-expatrier/,2026-07-24,200,Fiscalité espagnole : guide avant l'expatriation,48,False,False,146,False,True,0,1,La fiscalité espagnole : tout savoir avant de s’expatrier,False,15,False,False,2127,2,0,6,9,2,consultation gratuite,False,False,"2012,2015,2022,2026",13,0,3,0,0,,1,0,0,0,0,14,0,LegalService,False,,False,0,False,False,False
fr,1557,https://delaguialuzon.com/fr/blog/restructuration-entreprises-espagne/,2026-04-13,200,Restructuration d'entreprises en difficulté en Espagne,54,False,False,148,False,True,0,1,Restructuration d’entreprises en difficulté en Espagne. Gérer la crise avec succès.,False,7,True,False,840,2,0,4,0,2,,False,False,,4,0,0,0,0,,0,0,0,0,0,0,0,LegalService,False,,False,0,False,False,False
fr,2337,https://delaguialuzon.com/fr/blog/deconnexion-numerique-vacances/,2026-04-13,200,Droit à la déconnexion numérique et vacances en Espagne,55,False,False,149,False,True,0,1,Espagne: Droit à la déconnexion numérique et vacances,False,5,False,False,1472,2,0,14,0,2,\bchez dela ?gu[ií]a,False,False,"2015,2018,2021,2024,2025",15,0,2,0,0,,3,0,3,2,0,3,0,LegalService,False,,False,0,False,False,False
fr,4768,https://delaguialuzon.com/fr/blog/loi-12-2023-du-24-mai-pour-le-droit-au-logement/,2026-04-13,200,Loi 12/2023 du 24 mai : droit au logement en Espagne,52,False,False,137,False,True,0,1,"Loi 12/2023, du 24 mai, pour le droit au logement",False,3,False,False,384,2,0,0,0,1,dans le cadre de,True,False,"2012,2016,2021",0,0,0,0,0,,0,0,0,0,0,3,0,LegalService,False,,False,0,False,False,False
fr,2505,https://delaguialuzon.com/fr/blog/lutte-contre-fraude-faux-non-residents-espagne/,2026-04-15,200,Lutte contre la fraude des faux non-résidents en Espagne,56,False,False,147,False,True,0,1,Lutte contre la fraude des faux non-résidents,False,11,False,False,2243,2,0,0,0,2,,False,False,"2017,2021,2022,2023,2024",13,0,0,0,0,,7,0,7,4,0,5,0,LegalService,False,,False,0,False,False,False
fr,5798,https://delaguialuzon.com/fr/blog/plafond-paiements-espece-espagne/,2026-04-15,200,Plafond des paiements en espèces en Espagne : limites,53,False,False,141,False,True,0,1,Quel est le plafond des paiements en espèces en Espagne ?,False,6,False,False,525,2,0,0,0,2,,False,False,"2012,2016,2021",2,0,0,0,0,,0,0,0,0,0,5,0,LegalService,False,,False,0,False,False,False
fr,4371,https://delaguialuzon.com/fr/blog/assujetti-irpf-espagne/,2026-09-18,200,IRPF en Espagne en 2026 : barèmes et résidence fiscale,54,False,False,144,False,True,0,1,"IRPF en Espagne 2026 : barèmes, résidence fiscale et Loi Beckham",False,16,False,False,2923,2,0,32,0,3,,False,False,"2022,2023,2024,2025,2026",18,0,12,0,0,,25,0,25,2,5,5,0,LegalService,False,,False,0,False,False,False
fr,3213,https://delaguialuzon.com/fr/blog/conge-parental-autonomos/,2026-04-13,200,Congé parental autónomos en Espagne : vos droits,48,False,False,144,False,True,0,1,Tout savoir sur le congé parental pour les autonomos,False,9,False,False,1657,2,0,21,3,2,,False,False,"2021,2024,2025,2026",8,0,2,0,0,,0,0,0,2,0,5,0,LegalService,False,,False,0,False,False,False
fr,3274,https://delaguialuzon.com/fr/blog/louer-appartement-etudiant-valencia/,2026-04-13,200,Louer un appartement étudiant à Valencia : conditions,53,False,False,154,False,True,0,1,Louer un appartement étudiant à Valencia,False,6,True,False,426,2,0,0,0,1,\bdécouvrez\b,False,False,,7,0,0,0,0,,0,0,0,0,0,0,0,LegalService,False,,False,0,False,False,False
fr,4687,https://delaguialuzon.com/fr/blog/impots-achat-vente-immobiliere-en-espagne/,2026-07-02,200,Impôts immobiliers en Espagne : achat et vente expliqués,56,False,False,139,False,True,0,1,Les impôts à payer lors d’un achat et d’une vente immobilière en Espagne,False,5,False,False,1510,2,0,0,0,1,,False,False,2022,4,0,0,0,0,,0,0,0,0,0,1,0,LegalService,False,,False,0,False,False,False
fr,5115,https://delaguialuzon.com/fr/blog/valencia-beaux-sites-visiter/,2026-04-13,200,Sites à visiter près de Valencia : idées de sorties,51,False,False,143,False,True,0,1,Les plus beaux sites à visiter aux alentours de Valencia,False,7,False,False,1475,2,0,0,0,2,,False,False,,5,0,12,0,0,,0,0,0,0,0,0,0,LegalService,False,,False,0,False,False,False
fr,3243,https://delaguialuzon.com/fr/blog/investir-immobilier-communaute-valencienne/,2026-07-02,200,Investir dans l'immobilier en Communauté valencienne,52,False,False,150,False,True,0,1,5 avantages à investir dans l’immobilier dans la Communauté valencienne,False,16,False,False,3051,2,0,17,0,3,\bgolden visa\b; \bdécouvrez\b,False,False,"2013,2014,2019,2021,2022,2023,2024,2025,2026",30,0,2,0,0,,1,0,1,2,5,5,0,LegalService,False,,False,0,False,False,False
fr,900,https://delaguialuzon.com/fr/blog/tout-savoir-sur-le-padron-municipal-espagnol/,2026-04-13,200,Padrón municipal en Espagne : tout savoir sur l'inscription,59,False,False,153,False,True,0,1,Tout savoir sur le padrón municipal espagnol,False,5,False,False,907,2,0,0,0,2,,False,False,2014,1,0,0,0,0,,0,0,0,0,0,1,0,LegalService,False,,False,0,False,False,False
fr,3594,https://delaguialuzon.com/fr/blog/monter-entreprise-espagne/,2026-05-06,200,Créer une entreprise en Espagne : démarches étape par étape,59,False,False,147,False,True,0,1,Les étapes à suivre pour ouvrir une entreprise en Espagne,False,6,False,False,607,2,0,0,0,1,,False,False,,7,0,2,0,0,,0,0,0,0,0,1,0,LegalService,False,,False,0,False,False,False
fr,1691,https://delaguialuzon.com/fr/blog/creer-une-entreprise-en-espagne/,2026-07-01,200,Créer une entreprise en Espagne en 2026 : SL et autónomo,56,False,False,144,False,True,0,1,"Créer une entreprise en Espagne : démarches, fiscalité et accompagnement d’experts",False,4,False,False,1671,2,0,15,3,2,,False,False,"2022,2023,2024,2025,2026",10,0,0,0,0,,1,0,0,2,0,2,0,LegalService,False,,False,0,False,False,False
fr,2362,https://delaguialuzon.com/fr/blog/differences-entre-une-sarl-francaise-et-une-sl-espagnole/,2026-04-15,200,Différences entre une SARL française et une SL espagnole,56,False,False,144,False,True,0,1,Différences entre une SARL française et une SL espagnole,False,10,False,False,2150,2,0,28,0,2,,False,False,"2025,2026",24,0,2,0,0,,3,0,3,2,1,2,0,LegalService,False,,False,0,False,False,False
fr,5190,https://delaguialuzon.com/fr/blog/apostille-en-espagne/,2026-04-30,200,L'apostille en Espagne : authentification des documents,55,False,False,151,False,True,0,1,"L’apostille en Espagne : procédure, coûts et délais en 2025",False,11,False,False,3287,2,0,4,0,4,,False,False,"2016,2019,2022,2024,2025,2026",8,0,1,0,0,,0,0,0,1,3,5,0,WebPage|BreadcrumbList|LegalService|BlogPosting|FAQPage|HowTo|LegalService,True,,True,7,False,False,False
fr,2667,https://delaguialuzon.com/fr/blog/importer-voiture-france-espagne/,2026-09-15,200,Importer une voiture en Espagne depuis la France,48,False,False,151,False,True,0,1,Importer ma voiture depuis la France pour usage privé en Espagne,False,9,False,False,2112,2,0,0,0,1,,False,False,"2015,2021,2026",4,0,6,0,0,,0,0,0,0,0,3,0,LegalService,False,,False,0,False,False,False
fr,4812,https://delaguialuzon.com/fr/blog/arret-de-la-cour-de-justice/,2026-04-13,200,Arrêt CJUE sur le régime de sanction : Modelo 720,49,False,False,155,False,True,0,1,Arrêt de la cour de justice de l’Union européenne – régime de sanction,False,3,False,False,383,2,0,0,0,1,,False,False,2022,1,0,0,0,0,,0,0,0,0,0,1,0,LegalService,False,,False,0,False,False,False
fr,3254,https://delaguialuzon.com/fr/blog/etudier-en-espagne-demarches/,2026-07-07,200,Étudier en Espagne : démarches et conseils utiles,49,False,False,150,False,True,0,1,Étudier en Espagne : quelles sont les démarches ?,False,5,False,False,1086,2,0,0,0,1,,False,False,,0,0,4,0,0,,0,0,0,0,0,5,0,LegalService,False,,False,0,False,False,False
fr,4844,https://delaguialuzon.com/fr/blog/comment-trouver-un-bon-gestor-en-espagne/,2026-07-24,200,Gestor francophone à Valencia | Cabinet Delaguía y Luzón,56,False,True,160,False,True,0,1,Gestor francophone à Valencia : trouver le bon professionnel,False,9,False,False,1832,2,0,4,0,6,\bdécouvrez\b,False,False,,25,0,0,0,0,,4,0,4,0,0,1,0,LegalService,False,,False,0,False,False,False
fr,3496,https://delaguialuzon.com/fr/blog/impot-societes-espagne/,2026-04-30,200,Impôt des sociétés en Espagne : la déclaration expliquée,56,False,False,152,False,True,0,1,Tout savoir sur l’impôt des sociétés en Espagne,False,11,False,False,3790,2,0,41,6,6,,False,False,"2014,2022,2023,2024,2026",37,0,26,0,0,,0,0,0,4,7,6,0,LegalService,False,,False,0,False,False,False
fr,2687,https://delaguialuzon.com/fr/blog/statut-juridique-entreprise/,2026-05-28,200,Choisir un statut juridique pour votre entreprise en Espagne,60,False,False,145,False,True,0,1,"Statut juridique d’entreprise en Espagne 2026 : autónomo, SL, SA, le guide comparatif",False,4,False,False,1164,2,0,6,0,3,\bchez dela ?gu[ií]a,False,False,,21,0,0,0,0,,4,0,4,1,0,1,0,LegalService,False,,False,0,False,False,False
fr,4345,https://delaguialuzon.com/fr/blog/differents-types-impots-espagne/,2026-07-02,200,Différents types d'impôts en Espagne : guide complet,52,False,False,132,False,True,0,1,Quels sont les différents types d’impôts en Espagne ?,False,6,False,False,1753,2,0,1,0,3,,False,False,2016,12,0,3,0,0,,1,0,0,0,0,3,0,LegalService,False,,False,0,False,False,False
fr,2519,https://delaguialuzon.com/fr/blog/rentabilite-locative-espagne/,2026-04-13,200,Rentabilité locative en Espagne : méthodes de calcul,52,False,False,138,False,True,0,1,Investissement immobilier : la rentabilité locative en Espagne,False,2,False,False,829,2,0,4,5,4,,False,False,,3,0,0,0,0,,0,0,0,0,0,1,0,LegalService,False,,False,0,False,False,False
fr,2396,https://delaguialuzon.com/fr/blog/pourquoi-comment-obtenir-nie-espagne/,2026-07-24,200,"NIE en Espagne : démarches, astuces et conseils utiles",54,False,False,152,False,True,0,1,Pourquoi et comment obtenir le NIE en Espagne ?,False,13,False,False,2030,2,0,11,0,1,\bchez dela ?gu[ií]a,False,False,"2011,2020,2021",7,0,6,0,0,,0,0,0,0,0,2,0,LegalService,False,,False,0,False,False,False
fr,3013,https://delaguialuzon.com/fr/blog/investir-immobilier-espagne/,2026-07-02,200,Investir dans l'immobilier en Espagne : Delaguía y Luzón,56,False,False,145,False,True,0,1,Tout ce qu’il faut savoir avant d’investir dans l’immobilier en Espagne,False,8,False,False,2102,2,0,39,3,2,,False,False,"2022,2023,2024,2025,2026",12,0,11,0,0,garrigues.com,0,0,0,2,0,4,0,LegalService,False,,False,0,False,False,False
fr,3100,https://delaguialuzon.com/fr/blog/devenir-auto-entrepreneur-en-espagne/,2026-07-07,200,Devenir auto-entrepreneur en Espagne en 2026,44,False,False,143,False,True,0,1,"Devenir auto-entrepreneur en Espagne en 2026: tout savoir (Démarches, coûts, astuces)",False,8,False,False,2279,2,0,24,3,2,,False,False,"2023,2025,2026",14,0,9,0,0,,0,0,0,1,0,3,0,LegalService,False,,False,0,False,False,False
fr,2146,https://delaguialuzon.com/fr/blog/bien-immobilier-en-espagne/,2026-09-18,200,"Impôts à l'achat immobilier en Espagne : ITP, TVA, AJD, IRNR",60,False,False,148,False,True,0,1,Quels impôts s’appliquent à l’achat d’un bien immobilier en Espagne ?,False,8,False,False,2285,2,0,30,0,2,,False,False,"2021,2022,2024,2025,2026",15,0,6,0,0,,3,0,3,2,0,5,0,LegalService,False,,False,0,False,False,False
fr,2224,https://delaguialuzon.com/fr/blog/contrat-darrhes/,2026-07-02,200,Contrat d'arrhes : une spécificité espagnole,44,False,False,141,False,True,0,1,Le « contrat d’arrhes » : une spécificité espagnole,False,9,False,False,1876,2,0,28,0,2,,False,False,2026,9,0,1,0,0,,3,0,3,1,0,4,0,LegalService,False,,False,0,False,False,False
fr,4413,https://delaguialuzon.com/fr/blog/acquerir-un-bien-immobilier-en-espagne/,2026-07-02,200,Acquérir un bien immobilier en Espagne : investissement,55,False,False,140,False,True,0,1,Acquérir un bien immobilier en Espagne : un investissement avantageux,False,7,False,False,1744,2,0,29,3,2,,False,False,"2015,2020,2022,2024,2025,2026",9,0,3,0,0,jacheteenespagne.com,0,0,0,2,0,4,0,LegalService,False,,False,0,False,False,False
fr,4935,https://delaguialuzon.com/fr/blog/conseiller-juridique-franco-espagnol-valencia/,2026-04-13,200,Cabinet juridique franco-espagnol : Delaguía y Luzón,52,False,False,150,False,True,0,1,"Delaguía y Luzón, votre cabinet juridique franco-espagnol de confiance à València",False,4,False,False,1347,2,0,24,4,5,,False,False,"2012,2024,2025",26,0,2,0,0,,0,0,0,1,0,2,0,LegalService,False,,False,0,False,False,False
fr,1207,https://delaguialuzon.com/fr/blog/differences-carte-verte-nie-et-tie/,2026-07-07,200,"Carte verte, NIE et TIE : différences et cas d'usage",52,False,False,137,False,True,0,1,"Différences entre la carte verte, le NIE et la TIE",False,10,False,False,2332,2,0,35,5,3,dans le cadre de,False,False,2021,16,0,0,0,0,,3,0,0,0,0,6,0,LegalService,False,,False,0,False,False,False
fr,905,https://delaguialuzon.com/fr/blog/bien-immobilier-non-loue-en-espagne/,2026-04-14,200,Bien immobilier non loué en Espagne : impôt non-résidents,57,False,False,159,False,True,0,1,"Propriétaires d’un bien immobilier non loué en Espagne, que devez-vous savoir?",False,1,False,False,219,2,0,0,0,1,,False,False,"2021,2022",0,0,0,0,0,,0,0,0,0,0,1,0,LegalService,False,,False,0,False,False,False
ru,26964,https://delaguialuzon.com/ru/blog/%D1%81%D0%B8%D0%BD%D0%B4%D1%80%D0%BE%D0%BC-%D0%B2%D0%B0%D0%BD-%D0%B3%D0%B0%D0%BB%D0%B0-%D0%B8-%D0%B7%D0%B0%D0%BA%D0%BE%D0%BD-%D0%B1%D0%B5%D0%BA%D1%85%D1%8D%D0%BC%D0%B0-%D0%B2-%D0%B8%D1%81%D0%BF/,2026-07-17,200,Вид на жительство в Испании для граждан Украины 2026,52,False,False,110,False,True,0,1,Синдром Ван Гала» и закон Бекхэма в Испании: как защитить себя от налоговой в 2026 году (DUPLICAR),False,8,False,False,816,2,0,7,0,3,,False,False,2013,6,0,1,0,0,,0,0,0,0,2,4,0,LegalService,False,,False,0,False,False,True
ru,26030,https://delaguialuzon.com/ru/blog/%D0%BF%D1%80%D0%BE%D0%B4%D0%BB%D0%B5%D0%BD%D0%B8%D0%B5-%D0%B2%D0%BD%D0%B6-%D0%B1%D0%B5%D0%B7-%D0%BF%D1%80%D0%B0%D0%B2%D0%B0-%D0%BD%D0%B0-%D1%80%D0%B0%D0%B1%D0%BE%D1%82%D1%83/,2026-07-06,200,Продление ВНЖ без права на работу в Испании,43,False,False,155,False,True,0,1,Продление ВНЖ без права на работу: новое требование 183 дней (RD 1155/2024),False,0,False,False,1,2,0,0,0,1,,False,False,,0,0,0,0,0,,0,0,0,0,0,0,0,LegalService,False,,False,0,False,False,True
ru,24774,https://delaguialuzon.com/ru/blog/%D1%81%D1%83%D0%B1%D1%81%D0%B8%D0%B4%D0%B8%D0%B8-%D0%B4%D0%BB%D1%8F-%D1%81%D0%B0%D0%BC%D0%BE%D0%B7%D0%B0%D0%BD%D1%8F%D1%82%D1%8B%D1%85/,2026-09-15,200,Субсидии для самозанятых: полное руководство,44,False,False,120,False,True,0,1,"Субсидии для самозанятых в 2026 году: что уже действует, что ожидается и как этим воспользоваться",False,0,False,False,1,2,0,0,0,2,,False,False,,0,0,0,0,0,,0,0,0,0,0,0,0,LegalService,False,,False,0,False,False,True
ru,24366,https://delaguialuzon.com/ru/blog/%D0%BD%D0%B0%D0%BB%D0%BE%D0%B3-%D0%BD%D0%B0-%D0%B1%D0%BE%D0%B3%D0%B0%D1%82%D1%81%D1%82%D0%B2%D0%BE-%D0%B8%D1%81%D0%BF%D0%B0%D0%BD%D0%B8%D1%8F/,2026-05-13,200,Налог на богатство Испания 2026: 1М€ освобождён в Валенсии,58,False,False,159,False,True,0,1,Налог на богатство в Испании 2026: миллион евро освобождён в Валенсии,False,0,False,False,1,2,0,0,0,1,,False,False,,0,0,0,0,0,,0,0,0,0,0,0,0,LegalService,False,,False,0,False,False,True
ru,1772,https://delaguialuzon.com/ru/blog/%D0%B7%D0%B0%D0%BA%D0%BE%D0%BD-%D0%B1%D0%B5%D0%BA%D1%85%D1%8D%D0%BC%D0%B0-%D0%BD%D0%B0%D0%BB%D0%BE%D0%B3%D0%B8-%D0%B8%D1%81%D0%BF%D0%B0%D0%BD%D0%B8%D1%8F-%D0%B8%D0%BD%D0%BE%D1%81%D1%82%D1%80%D0%B0/,2026-05-13,200,Закон Бекхэма: специальный налоговый режим в Испании,52,False,False,121,False,True,0,1,Закон Бекхэма в Испании: налоговый режим для импатриатов,False,4,False,False,1059,2,0,1,0,1,,False,False,"2019,2024",0,0,0,0,0,,0,0,0,0,0,0,0,LegalService,False,,False,0,False,False,True
ru,24295,https://delaguialuzon.com/ru/blog/%D0%B2%D0%B8%D0%B7%D0%B0-%D1%86%D0%B8%D1%84%D1%80%D0%BE%D0%B2%D0%BE%D0%B3%D0%BE-%D0%BA%D0%BE%D1%87%D0%B5%D0%B2%D0%BD%D0%B8%D0%BA%D0%B0-%D0%B2-%D0%B8%D1%81%D0%BF%D0%B0%D0%BD%D0%B8%D1%8E-%D1%82%D1%80/,2026-05-13,200,Виза цифрового кочевника в Испанию — Делагия и Лусон,52,False,False,144,False,True,0,1,Виза цифрового кочевника в Испанию: требования и доход,False,0,False,False,1,2,0,0,0,1,,False,False,,0,0,0,0,0,,0,0,0,0,0,0,0,LegalService,False,,False,0,False,False,True
ru,23581,https://delaguialuzon.com/ru/blog/%D1%8D%D0%BA%D1%81%D1%82%D1%80%D0%B0%D0%BE%D1%80%D0%B4%D0%B8%D0%BD%D0%B0%D1%80%D0%BD%D0%B0%D1%8F-%D0%BB%D0%B5%D0%B3%D0%B0%D0%BB%D0%B8%D0%B7%D0%B0%D1%86%D0%B8%D1%8F/,2026-10-01,200,"Легализация в Испании 2026: срок истёк, что делать?",51,False,False,147,False,True,0,1,"Экстраординарная легализация в Испании: срок 30 июня 2026 года истёк, что дальше?",False,0,False,False,1,2,0,0,0,1,,False,False,,0,0,0,0,0,,0,0,0,0,0,0,0,LegalService,False,,False,0,False,False,True
ru,15904,https://delaguialuzon.com/ru/blog/%D0%BD%D0%B4%D1%81-%D0%BA%D0%B2%D0%B0%D1%80%D1%82%D0%B8%D1%80%D1%8B-%D1%82%D1%83%D1%80%D0%B8%D1%81%D1%82%D1%8B-%D0%B8%D1%81%D0%BF%D0%B0%D0%BD%D0%B8%D1%8F/,2026-05-13,200,НДС при сдаче квартир туристам в Испании,40,False,False,128,False,True,0,1,"НДС для квартир, сдаваемых туристам: все, что необходимо знать владельцам",False,8,False,False,744,2,0,0,0,5,,False,False,2025,5,0,1,0,0,,0,0,0,0,0,4,0,LegalService,False,,False,0,False,False,True
ru,14634,https://delaguialuzon.com/ru/blog/%D0%B8%D0%BD%D1%82%D0%B5%D1%80%D0%B2%D1%8C%D1%8E-%D0%B3%D0%BE%D0%BD%D1%81%D0%B0%D0%BB%D0%BE-%D0%B3%D0%BE%D0%BC%D0%B5%D1%81-%D0%BB%D1%83%D1%81%D0%BE%D0%BD/,2026-05-13,200,Интервью с Гонсало Гомесом. 65 лет Delaguía & Luzón,51,False,False,121,False,True,0,1,Интервью с Гонсало Гомесом Лусоном — 65 лет Delaguía y Luzón,False,9,False,False,811,2,0,4,0,7,,False,False,2015,1,0,0,0,0,,0,0,0,0,0,0,0,LegalService,False,,False,0,False,False,True
ru,14460,https://delaguialuzon.com/ru/blog/%D0%BA%D0%B0%D0%BA-%D1%83%D1%87%D1%80%D0%B5%D0%B4%D0%B8%D1%82%D1%8C-%D1%81%D1%82%D0%B0%D1%80%D1%82%D0%B0%D0%BF-%D0%B2-%D0%B8%D1%81%D0%BF%D0%B0%D0%BD%D0%B8%D0%B8/,2026-05-13,200,Как учредить стартап в Испании,30,False,False,124,False,True,0,1,Как учредить стартап в Испании: пошаговое руководство 2026,False,4,False,False,558,2,0,2,0,1,,False,False,,1,0,0,0,0,,0,0,0,0,0,15,0,LegalService,False,,False,0,False,False,True
ru,13927,https://delaguialuzon.com/ru/blog/%D0%B8%D0%BD%D0%BE%D1%81%D1%82%D1%80%D0%B0%D0%BD%D0%BD%D1%8B%D0%B5-%D1%80%D0%B0%D0%B1%D0%BE%D1%82%D0%BD%D0%B8%D0%BA%D0%B8-%D0%B2-%D0%B8%D1%81%D0%BF%D0%B0%D0%BD%D0%B8%D0%B8-%D0%BF%D1%80%D0%B0%D0%B2/,2026-05-13,200,Права иностранных работников в Испании,38,False,False,108,False,True,0,1,Права иностранных работников в Испании: трудовые гарантии,False,10,True,False,910,2,0,0,0,1,,False,False,2025,7,0,1,0,0,,0,0,0,0,0,2,0,LegalService,False,,False,0,False,False,True
ru,13794,https://delaguialuzon.com/ru/blog/%D1%80%D0%B5%D1%88%D0%B5%D0%BD%D0%B8%D0%B5-%D0%B2%D0%B5%D1%80%D1%85%D0%BE%D0%B2%D0%BD%D0%BE%D0%B3%D0%BE-%D1%81%D1%83%D0%B4%D0%B0-%D1%82%D1%83%D1%80%D0%B8%D1%81%D1%82%D0%B8%D1%87%D0%B5%D1%81%D0%BA/,2026-05-13,200,Решение Верховного суда по туристической аренде квартир,55,False,False,117,False,True,0,1,Туристическая аренда в Испании: решение Верховного суда,False,5,False,False,827,2,0,2,0,1,,False,False,,2,0,0,0,0,,0,0,0,0,0,3,0,FAQPage|LegalService,True,,False,8,False,False,True
ru,13540,https://delaguialuzon.com/ru/blog/%D0%BD%D0%B0%D1%81%D0%BB%D0%B5%D0%B4%D1%81%D1%82%D0%B2%D0%BE-%D0%B2-%D0%B8%D1%81%D0%BF%D0%B0%D0%BD%D0%B8%D0%B8/,2026-06-02,200,Наследство в Испании: Правовые и Налоговые Аспекты,50,False,False,116,False,True,0,1,Наследование в Испании: применимые нормы и международные аспекты,False,5,True,False,616,2,0,0,0,1,,False,False,"2012,2014",1,0,0,0,0,,0,0,0,0,0,10,0,LegalService,False,,False,0,False,False,True
ru,12942,https://delaguialuzon.com/ru/blog/%D0%B8%D0%BD%D0%B2%D0%B5%D1%81%D1%82%D0%B8%D1%86%D0%B8%D0%B8-%D0%B2-%D0%BD%D0%B5%D0%B4%D0%B2%D0%B8%D0%B6%D0%B8%D0%BC%D0%BE%D1%81%D1%82%D1%8C-%D0%B8%D1%81%D0%BF%D0%B0%D0%BD%D0%B8%D0%B8/,2026-05-13,200,Инвестиции в недвижимость Испании,33,False,False,98,False,True,0,1,Инвестиции в недвижимость Испании: гид для иностранцев,False,5,False,False,969,2,0,1,0,1,золот\w* виз,False,False,"2024,2025",3,0,2,0,0,,0,0,0,0,0,3,0,LegalService,False,,False,0,False,False,True
ru,11993,https://delaguialuzon.com/ru/blog/65-%D0%BB%D0%B5%D1%82%D0%B8%D0%B5-%D0%B4%D0%B5%D0%BB%D0%B0%D0%B3%D0%B8%D0%B0-%D0%BB%D1%83%D1%81%D0%BE%D0%BD/,2026-05-13,200,Компании Delaguía & Luzón исполняется 65 лет,44,False,False,155,False,True,0,1,Компания Delaguía y Luzón празднует 65-летие в Валенсии,False,0,False,False,139,2,0,0,0,8,,False,False,2025,1,0,0,0,0,,0,0,0,0,0,0,0,LegalService,False,,False,0,False,False,True
ru,11848,https://delaguialuzon.com/ru/blog/%D0%BA%D1%80%D0%B8%D0%BF%D1%82%D0%BE%D0%B2%D0%B0%D0%BB%D1%8E%D1%82%D1%8B-%D0%B2-%D0%B8%D1%81%D0%BF%D0%B0%D0%BD%D0%B8%D0%B8/,2026-05-13,200,Криптовалюты: трансформация бизнеса в Испании,45,False,False,132,False,True,0,1,Криптовалюты и бизнес в Испании: новая эпоха возможностей для компаний,False,5,True,False,503,2,0,2,0,1,,False,False,,0,0,0,0,0,,0,0,0,0,0,3,0,LegalService,False,,False,0,False,False,True
ru,10376,https://delaguialuzon.com/ru/blog/%D0%B0%D1%83%D1%82%D0%B5%D0%BD%D1%82%D0%B8%D1%84%D0%B8%D0%BA%D0%B0%D1%86%D0%B8%D1%8F-eidas/,2026-05-13,200,Аутентификация eIDAS: упростите налоговые формальности в Испании,64,False,False,137,False,True,0,1,Аутентификация eIDAS: упрощение налоговых формальностей для граждан ЕС в Испании,False,2,False,False,616,2,0,1,0,2,,False,False,2024,2,0,3,0,0,,0,0,0,0,0,2,0,LegalService,False,,False,0,False,False,True
ru,9220,https://delaguialuzon.com/ru/blog/%D0%B4%D0%B5%D0%BA%D0%BB%D0%B0%D1%80%D0%B8%D1%80%D0%BE%D0%B2%D0%B0%D1%82%D1%8C-%D0%BA%D1%80%D0%B8%D0%BF%D1%82%D0%BE%D0%B2%D0%B0%D0%BB%D1%8E%D1%82%D1%83-%D0%B2-%D0%B8%D1%81%D0%BF%D0%B0%D0%BD%D0%B8/,2026-05-13,200,Рынок криптовалюты в Испании: как декларировать?,48,False,False,123,False,True,0,1,Криптовалюта в Испании: новости рынка и регулирование 2026,False,5,False,False,686,2,0,1,0,2,,False,False,2024,2,0,1,0,0,,0,0,0,0,0,1,0,LegalService,False,,False,0,False,False,True
ru,8364,https://delaguialuzon.com/ru/blog/%D1%81%D1%82%D1%80%D0%B0%D1%82%D0%B5%D0%B3%D0%B8%D0%B8-%D1%84%D0%B8%D0%BD%D0%B0%D0%BD%D1%81%D0%B8%D1%80%D0%BE%D0%B2%D0%B0%D0%BD%D0%B8%D0%B5-%D1%81%D1%82%D0%B0%D1%80%D1%82%D0%B0%D0%BF%D1%8B/,2026-05-13,200,Финансирование стартапов в Испании: стратегии,45,False,False,115,False,True,0,1,Финансирование стартапов: стратегии для получения необходимого капитала,False,6,False,False,703,2,0,3,0,5,,False,False,,2,0,1,0,0,,0,0,0,0,0,6,0,LegalService,False,,False,0,False,False,True
ru,7869,https://delaguialuzon.com/ru/blog/%D0%BF%D1%80%D0%BE%D0%B3%D1%80%D0%B0%D0%BC%D0%BC%D0%B0-%D0%BD%D0%B0%D0%B9%D0%BC%D0%B0-%D0%BC%D0%BE%D0%BB%D0%BE%D0%B4%D1%8B%D1%85-%D1%81%D0%BF%D0%B5%D1%86%D0%B8%D0%B0%D0%BB%D0%B8%D1%81%D1%82%D0%BE%D0%B2-%D0%B2%D0%B0%D0%BB%D0%B5%D0%BD%D1%81%D0%B8%D1%8F/,2026-05-13,200,Программа постоянного трудоустройства молодых специалистов,58,False,False,126,False,True,0,1,Программа найма молодых специалистов в Валенсии: бонусы для работодателей,False,4,False,False,204,2,0,0,0,1,,False,False,2024,0,0,0,0,0,,0,0,0,0,0,0,0,LegalService,False,,False,0,False,False,True
ru,7928,https://delaguialuzon.com/ru/blog/%D1%81%D1%83%D0%B1%D1%81%D0%B8%D0%B4%D0%B8%D0%B8-ecovul-%D0%B1%D0%B5%D1%81%D1%81%D1%80%D0%BE%D1%87%D0%BD%D0%BE%D0%B5-%D1%82%D1%80%D1%83%D0%B4%D0%BE%D1%83%D1%81%D1%82%D1%80%D0%BE%D0%B9%D1%81%D1%82%D0%B2%D0%BE-%D0%B2%D0%B0%D0%BB%D0%B5%D0%BD%D1%81%D0%B8%D1%8F/,2026-05-13,200,Субсидии на бессрочное трудоустройство безработных лиц,54,False,False,117,False,True,0,1,Субсидии ECOVUL 2026 на бессрочное трудоустройство приоритетных групп в Валенсии,False,5,False,False,265,2,0,0,0,1,,False,False,2024,0,0,1,0,0,,0,0,0,0,0,1,0,LegalService,False,,False,0,False,False,True
ru,8407,https://delaguialuzon.com/ru/blog/%D0%BD%D0%B0%D0%BD%D1%8F%D1%82%D1%8C-%D0%BA%D0%BE%D0%BD%D1%81%D1%83%D0%BB%D1%8C%D1%82%D0%B0%D0%BD%D1%82%D0%B0-%D0%B1%D1%83%D1%85%D0%B3%D0%B0%D0%BB%D1%82%D0%B5%D1%80%D0%B0/,2026-05-13,200,Бухгалтер в Испании. Эксперты по бухгалтерскому учету.,54,False,False,108,False,True,0,1,Бухгалтер в Испании: почему так важно обратиться к специалисту?,False,5,False,False,683,2,0,1,0,3,,False,False,,3,0,0,0,0,,0,0,0,0,0,2,0,LegalService,False,,False,0,False,False,True
ru,8175,https://delaguialuzon.com/ru/blog/%D0%BE%D0%BD%D0%BB%D0%B0%D0%B9%D0%BD-%D0%B1%D0%B8%D0%B7%D0%BD%D0%B5%D1%81/,2026-05-13,200,Онлайн-бизнес в Испании: этапы и правовые аспекты,49,False,False,108,False,True,0,1,Онлайн-бизнес в Испании: что нужно знать предпринимателю,False,7,False,False,776,2,0,4,0,6,,False,False,,2,0,2,0,0,,0,0,0,0,0,2,0,LegalService,False,,False,0,False,False,True
ru,3459,https://delaguialuzon.com/ru/blog/%D0%B2%D0%BE%D0%B7%D0%BC%D0%BE%D0%B6%D0%BD%D0%B0%D1%8F-%D0%BE%D1%82%D0%BC%D0%B5%D0%BD%D0%B0-%D0%B7%D0%BE%D0%BB%D0%BE%D1%82%D1%8B%D1%85-%D0%B2%D0%B8%D0%B7-%D0%B8%D1%81%D0%BF%D0%B0%D0%BD%D0%B8%D0%B8/,2026-05-13,200,"""Золотые визы"" в Испании: возможная отмена в 2024 году",54,False,False,113,False,True,0,1,«Золотые визы» в Испании: отмена в 2025 году и альтернативы для инвесторов,False,6,True,False,795,2,0,0,0,4,золот\w* виз,False,False,,2,0,1,0,0,,0,0,0,0,0,0,0,LegalService,False,,False,0,False,False,True
ru,1824,https://delaguialuzon.com/ru/blog/%D0%B0%D1%80%D0%B5%D0%BD%D0%B4%D1%8B-%D0%B2-%D0%B2%D0%B0%D0%BB%D0%B5%D0%BD%D1%81%D0%B8%D0%B8/,2026-05-13,200,Аренда жилья в Валенсии 2026: правовое руководство,50,False,False,155,False,True,0,1,"Аренда жилья в Валенсии 2026: правовая база, новый Реестр и обязанности сторон",False,5,False,False,891,2,0,1,0,5,,False,False,,4,0,1,0,0,,0,0,0,0,0,2,0,LegalService,False,,False,0,False,False,True
ru,1135,https://delaguialuzon.com/ru/blog/airbnb-%D0%B2%D0%B0%D0%BB%D0%B5%D0%BD%D1%81%D0%B8%D1%8F/,2026-05-13,200,Законно ли сдавать жилье в аренду через Airbnb в Валенсии?,58,False,False,128,False,True,0,1,Сдать недвижимость в аренду через Airbnb в Валенсии: законно ли это?,False,5,False,False,735,2,0,2,0,2,,False,False,,1,0,0,0,0,,0,0,0,0,0,0,0,LegalService,False,,False,0,False,False,True
ru,1571,https://delaguialuzon.com/ru/blog/%D0%BA%D1%80%D0%B8%D0%B7%D0%B8%D1%81%D0%BD%D1%8B%D0%B5-%D0%BA%D0%BE%D0%BC%D0%BF%D0%B0%D0%BD%D0%B8%D0%B8-%D0%B8%D1%81%D0%BF%D0%B0%D0%BD%D0%B8%D0%B8/,2026-05-13,200,Реструктуризация предприятий в Испании,38,False,False,116,False,True,0,1,Реструктуризация предприятий в Испании. Часть 1: Успешное управление кризисом,False,5,False,False,376,2,0,2,0,4,,False,False,,2,0,0,0,0,,0,0,0,0,0,0,0,LegalService,False,,False,0,False,False,True
ru,2003,https://delaguialuzon.com/ru/blog/%D0%B7%D0%B5%D0%BB%D0%B5%D0%BD%D0%BE%D0%B9-%D0%BA%D0%B0%D1%80%D1%82%D0%BE%D0%B9-nie-%D0%B8-tie/,2026-05-13,200,"Разница между ""зеленой картой"", NIE и TIE",41,False,False,126,False,True,0,1,"Разница между «зеленой картой», NIE и TIE в Испании",False,3,False,False,566,2,0,0,0,1,,False,False,,0,0,0,0,0,,0,0,0,0,0,1,0,LegalService,False,,False,0,False,False,True
